JGI_Abbreviation,Species,Order,Class,Clade,Phylum,Pathogenic,Lifestyle,S,N,B,OB,HB,MP,P,O,ECM,ENM,E,EP,L,LF,EL,C,PY,BY,T,A,AL,HY,BR,WR,Plant,Fungus,Vertebrate,Invertebrate,Gymnosperms,Angiosperms,Main Stem,Leaves,Roots
Aciri1_iso,Acidomyces richmondensis BFW,Capnodiales,Dothideomycetes,Pezizomycotina,Ascomycota,NO, S  A  T ,YES,NO,NO,NO,NO,NO,NO,NO,NO,NO,NO,NO,NO,NO,NO,NO,NO,NO,YES,YES,NO,NO,NO,NO,NO,NO,NO,NO,NO,NO,NO,NO,NO
Altal1,Alternaria alternata SRC1lrK2f v1.0,Pleosporales,Dothideomycetes,Pezizomycotina,Ascomycota,YES, S  E  N  O ,YES,YES,NO,NO,NO,NO,NO,YES,NO,NO,YES,NO,NO,NO,NO,NO,NO,NO,NO,NO,NO,NO,NO,NO,YES,NO,YES,NO,NO,YES,YES,YES,YES
Altbr1,Alternaria brassicicola,Pleosporales,Dothideomycetes,Pezizomycotina,Ascomycota,YES, S  N ,YES,YES,NO,NO,NO,NO,NO,NO,NO,NO,NO,NO,NO,NO,NO,NO,NO,NO,NO,NO,NO,NO,NO,NO,YES,NO,YES,NO,NO,YES,YES,YES,NO
Amnli1,Amniculicola lignicola CBS 123094 v1.0,Pleosporales,Dothideomycetes,Pezizomycotina,Ascomycota,NO, S ,YES,NO,NO,NO,NO,NO,NO,NO,NO,NO,NO,NO,NO,NO,NO,NO,NO,NO,NO,NO,NO,NO,NO,NO,NO,NO,NO,NO,NO,NO,NO,NO,NO
Ampqui1,Ampelomyces quisqualis HMLAC05119 v1.0,Pleosporales,Dothideomycetes,Pezizomycotina,Ascomycota,YES, S  MP ,YES,NO,NO,NO,NO,YES,NO,NO,NO,NO,NO,NO,NO,NO,NO,NO,NO,NO,NO,NO,NO,NO,NO,NO,NO,YES,NO,NO,NO,NO,NO,NO,NO
Aulhe2,Aulographum hederae v2.0,Asterinales,Dothideomycetes,Pezizomycotina,Ascomycota,NO, S ,YES,NO,NO,NO,NO,NO,NO,NO,NO,NO,NO,NO,NO,NO,NO,NO,NO,NO,NO,NO,NO,NO,NO,NO,NO,NO,NO,NO,NO,NO,NO,NO,NO
Aurpu_var_mel1,Aureobasidium pullulans var. melanogenum CBS 110374,Dothideales,Dothideomycetes,Pezizomycotina,Ascomycota,YES, S  E  EP  O ,YES,NO,NO,NO,NO,NO,NO,YES,NO,NO,YES,YES,NO,NO,NO,NO,NO,NO,NO,NO,NO,NO,NO,NO,NO,NO,YES,NO,NO,NO,NO,NO,NO
Aurpu_var_pul1,Aureobasidium pullulans var. pullulans EXF-150,Dothideales,Dothideomycetes,Pezizomycotina,Ascomycota,NO, S  E  EP ,YES,NO,NO,NO,NO,NO,NO,NO,NO,NO,YES,YES,NO,NO,NO,NO,NO,NO,NO,NO,NO,NO,NO,NO,NO,NO,NO,NO,NO,NO,NO,NO,NO
Aurpu_var_sub1,Aureobasidium pullulans var. subglaciale EXF-2481,Dothideales,Dothideomycetes,Pezizomycotina,Ascomycota,NO, S ,YES,NO,NO,NO,NO,NO,NO,NO,NO,NO,NO,NO,NO,NO,NO,NO,NO,NO,NO,NO,NO,NO,NO,NO,NO,NO,NO,NO,NO,NO,NO,NO,NO
Bauco1,Baudoinia compniacensis UAMH 10762 (4089826) v1.0,Capnodiales,Dothideomycetes,Pezizomycotina,Ascomycota,NO, S ,YES,NO,NO,NO,NO,NO,NO,NO,NO,NO,NO,NO,NO,NO,NO,NO,NO,NO,NO,NO,NO,NO,NO,NO,NO,NO,NO,NO,NO,NO,NO,NO,NO
Botdo1_1,Botryosphaeria dothidea,Botryosphaeriales,Dothideomycetes,Pezizomycotina,Ascomycota,YES, S  E  N  O ,YES,YES,NO,NO,NO,NO,NO,YES,NO,NO,YES,NO,NO,NO,NO,NO,NO,NO,NO,NO,NO,NO,NO,NO,YES,NO,NO,NO,YES,YES,YES,YES,NO
Cenge3,Cenococcum geophilum 1.58 v2.0,Mytilinidiales,Dothideomycetes,Pezizomycotina,Ascomycota,NO, ECM ,NO,NO,NO,NO,NO,NO,NO,NO,YES,NO,NO,NO,NO,NO,NO,NO,NO,NO,NO,NO,NO,NO,NO,NO,NO,NO,NO,NO,NO,NO,NO,NO,NO
Cerzm1,Cercospora zeae-maydis v1.0,Mycosphaerellales,Dothideomycetes,Pezizomycotina,Ascomycota,YES, HB ,NO,NO,NO,NO,YES,NO,NO,NO,NO,NO,NO,NO,NO,NO,NO,NO,NO,NO,NO,NO,NO,NO,NO,NO,YES,NO,NO,NO,NO,YES,YES,YES,NO
Clafu1,Cladosporium fulvum v1.0,Capnodiales,Dothideomycetes,Pezizomycotina,Ascomycota,YES, S  B ,YES,NO,YES,NO,NO,NO,NO,NO,NO,NO,NO,NO,NO,NO,NO,NO,NO,NO,NO,NO,NO,NO,NO,NO,YES,NO,NO,NO,NO,YES,NO,YES,NO
Cloaq1,Clohesyomyces aquaticus v1.0,Pleosporales,Dothideomycetes,Pezizomycotina,Ascomycota,NO, S ,YES,NO,NO,NO,NO,NO,NO,NO,NO,NO,NO,NO,NO,NO,NO,NO,NO,NO,NO,NO,NO,NO,NO,NO,NO,NO,NO,NO,NO,NO,NO,NO,NO
Cocca1,Cochliobolus carbonum 26-R-13 v1.0,Pleosporales,Dothideomycetes,Pezizomycotina,Ascomycota,YES, S  N ,YES,YES,NO,NO,NO,NO,NO,NO,NO,NO,NO,NO,NO,NO,NO,NO,NO,NO,NO,NO,NO,NO,NO,NO,YES,NO,NO,NO,NO,YES,YES,YES,YES
CocheC4_1,Cochliobolus heterostrophus C4 v1.0,Pleosporales,Dothideomycetes,Pezizomycotina,Ascomycota,YES, N ,NO,YES,NO,NO,NO,NO,NO,NO,NO,NO,NO,NO,NO,NO,NO,NO,NO,NO,NO,NO,NO,NO,NO,NO,YES,NO,NO,NO,NO,YES,YES,YES,NO
CocheC5_3,Cochliobolus heterostrophus C5 v2.0,Pleosporales,Dothideomycetes,Pezizomycotina,Ascomycota,YES, N ,NO,YES,NO,NO,NO,NO,NO,NO,NO,NO,NO,NO,NO,NO,NO,NO,NO,NO,NO,NO,NO,NO,NO,NO,YES,NO,NO,NO,NO,YES,NO,YES,NO
Coclu2,Cochliobolus lunatus m118 v2.0,Pleosporales,Dothideomycetes,Pezizomycotina,Ascomycota,YES, N  O ,NO,YES,NO,NO,NO,NO,NO,YES,NO,NO,NO,NO,NO,NO,NO,NO,NO,NO,NO,NO,NO,NO,NO,NO,YES,NO,YES,YES,NO,YES,NO,YES,NO
Cocmi1,Cochliobolus miyabeanus ATCC 44560 v1.0,Pleosporales,Dothideomycetes,Pezizomycotina,Ascomycota,YES, N ,NO,YES,NO,NO,NO,NO,NO,NO,NO,NO,NO,NO,NO,NO,NO,NO,NO,NO,NO,NO,NO,NO,NO,NO,YES,NO,NO,NO,NO,YES,YES,YES,NO
Cocsa1,Cochliobolus sativus ND90Pr v1.0,Pleosporales,Dothideomycetes,Pezizomycotina,Ascomycota,YES, HB ,NO,NO,NO,NO,YES,NO,NO,NO,NO,NO,NO,NO,NO,NO,NO,NO,NO,NO,NO,NO,NO,NO,NO,NO,YES,NO,NO,NO,NO,YES,YES,YES,YES
Cocvi1,Cochliobolus victoriae FI3 v1.0,Pleosporales,Dothideomycetes,Pezizomycotina,Ascomycota,YES, N ,NO,YES,NO,NO,NO,NO,NO,NO,NO,NO,NO,NO,NO,NO,NO,NO,NO,NO,NO,NO,NO,NO,NO,NO,YES,NO,NO,NO,NO,YES,YES,YES,NO
Conap1,Coniosporium apollinis CBS 100218,Incertae sedis,Dothideomycetes,Pezizomycotina,Ascomycota,NO, S  BY ,YES,NO,NO,NO,NO,NO,NO,NO,NO,NO,NO,NO,NO,NO,NO,NO,NO,YES,NO,NO,NO,NO,NO,NO,NO,NO,NO,NO,NO,NO,NO,NO,NO
Corca1,Corynespora cassiicola CCP v1.0,Pleosporales,Dothideomycetes,Pezizomycotina,Ascomycota,YES, N  S  E ,YES,YES,NO,NO,NO,NO,NO,NO,NO,NO,YES,NO,NO,NO,NO,NO,NO,NO,NO,NO,NO,NO,NO,NO,YES,NO,YES,NO,NO,YES,YES,YES,YES
Cucbe1,Cucurbitaria berberidis CBS 394.84 v1.0,Pleosporales,Dothideomycetes,Pezizomycotina,Ascomycota,NO, S ,YES,NO,NO,NO,NO,NO,NO,NO,NO,NO,NO,NO,NO,NO,NO,NO,NO,NO,NO,NO,NO,NO,NO,NO,NO,NO,NO,NO,NO,NO,NO,NO,NO
Decga1,Decorospora gaudefroyi v1.0,Pleosporales,Dothideomycetes,Pezizomycotina,Ascomycota,NO, S ,YES,NO,NO,NO,NO,NO,NO,NO,NO,NO,NO,NO,NO,NO,NO,NO,NO,NO,NO,NO,NO,NO,NO,NO,NO,NO,NO,NO,NO,NO,NO,NO,NO
Delco1,Delitschia confertaspora ATCC 74209 v1.0,Pleosporales,Dothideomycetes,Pezizomycotina,Ascomycota,NO, S  C ,YES,NO,NO,NO,NO,NO,NO,NO,NO,NO,NO,NO,NO,NO,NO,YES,NO,NO,NO,NO,NO,NO,NO,NO,NO,NO,NO,NO,NO,NO,NO,NO,NO
Didma1,Didymella zeae-maydis 3018,Pleosporales,Dothideomycetes,Pezizomycotina,Ascomycota,YES, S  N ,YES,YES,NO,NO,NO,NO,NO,NO,NO,NO,NO,NO,NO,NO,NO,NO,NO,NO,NO,NO,NO,NO,NO,NO,YES,NO,NO,NO,NO,YES,NO,YES,NO
Dipse1,Diplodia seriata DS831,Botryosphaeriales,Dothideomycetes,Pezizomycotina,Ascomycota,YES, S  N ,YES,YES,NO,NO,NO,NO,NO,NO,NO,NO,NO,NO,NO,NO,NO,NO,NO,NO,NO,NO,NO,NO,NO,NO,YES,NO,NO,NO,NO,YES,YES,YES,NO
Disac1,Dissoconium aciculare v1.0,Capnodiales,Dothideomycetes,Pezizomycotina,Ascomycota,YES, MP  N  EP ,NO,YES,NO,NO,NO,YES,NO,NO,NO,NO,NO,YES,NO,NO,NO,NO,NO,NO,NO,NO,NO,NO,NO,NO,NO,YES,NO,NO,NO,NO,NO,NO,NO
Dotse1,Dothistroma septosporum NZE10 v1.0,Capnodiales,Dothideomycetes,Pezizomycotina,Ascomycota,YES, S  HB ,YES,NO,NO,NO,YES,NO,NO,NO,NO,NO,NO,NO,NO,NO,NO,NO,NO,NO,NO,NO,NO,NO,NO,NO,YES,NO,NO,NO,YES,NO,NO,YES,NO
Elsamp1,Elsinoe ampelina CECT 20119 v1.0,Myriangiales,Dothideomycetes,Pezizomycotina,Ascomycota,YES, N ,NO,YES,NO,NO,NO,NO,NO,NO,NO,NO,NO,NO,NO,NO,NO,NO,NO,NO,NO,NO,NO,NO,NO,NO,YES,NO,NO,NO,NO,YES,NO,YES,NO
Erebi1,Eremomyces bilateralis CBS 781.70 v1.0,Incertae sedis,Dothideomycetes,Pezizomycotina,Ascomycota,NO, S  C  ,YES,NO,NO,NO,NO,NO,NO,NO,NO,NO,NO,NO,NO,NO,NO,YES,NO,NO,NO,NO,NO,NO,NO,NO,NO,NO,NO,NO,NO,NO,NO,NO,NO
Glost2,Glonium stellatum CBS 207.34 v1.0,Mytilinidiales,Dothideomycetes,Pezizomycotina,Ascomycota,NO, S ,YES,NO,NO,NO,NO,NO,NO,NO,NO,NO,NO,NO,NO,NO,NO,NO,NO,NO,NO,NO,NO,NO,NO,NO,NO,NO,NO,NO,NO,NO,NO,NO,NO
Hyspu1_1,Hysterium pulicare,Hysteriales,Dothideomycetes,Pezizomycotina,Ascomycota,NO, S ,YES,NO,NO,NO,NO,NO,NO,NO,NO,NO,NO,NO,NO,NO,NO,NO,NO,NO,NO,NO,NO,NO,NO,NO,NO,NO,NO,NO,NO,NO,NO,NO,NO
Karrh1,Karstenula rhodostoma CBS 690.94 v1.0,Pleosporales,Dothideomycetes,Pezizomycotina,Ascomycota,NO, S ,YES,NO,NO,NO,NO,NO,NO,NO,NO,NO,NO,NO,NO,NO,NO,NO,NO,NO,NO,NO,NO,NO,NO,NO,NO,NO,NO,NO,NO,NO,NO,NO,NO
Lenfl1,Lentithecium fluviatile v1.0,Pleosporales,Dothideomycetes,Pezizomycotina,Ascomycota,NO, S ,YES,NO,NO,NO,NO,NO,NO,NO,NO,NO,NO,NO,NO,NO,NO,NO,NO,NO,NO,NO,NO,NO,NO,NO,NO,NO,NO,NO,NO,NO,NO,NO,NO
Leppa1,Lepidopterella palustris v1.0,Incertae sedis,Dothideomycetes,Pezizomycotina,Ascomycota,NO, S ,YES,NO,NO,NO,NO,NO,NO,NO,NO,NO,NO,NO,NO,NO,NO,NO,NO,NO,NO,NO,NO,NO,NO,NO,NO,NO,NO,NO,NO,NO,NO,NO,NO
Lepmu1,Leptosphaeria maculans,Pleosporales,Dothideomycetes,Pezizomycotina,Ascomycota,YES, S  E  HB ,YES,NO,NO,NO,YES,NO,NO,NO,NO,NO,YES,NO,NO,NO,NO,NO,NO,NO,NO,NO,NO,NO,NO,NO,YES,NO,NO,NO,NO,YES,YES,YES,NO
Linin1,Lindgomyces ingoldianus ATCC 200398 v1.0,Pleosporales,Dothideomycetes,Pezizomycotina,Ascomycota,NO, S ,YES,NO,NO,NO,NO,NO,NO,NO,NO,NO,NO,NO,NO,NO,NO,NO,NO,NO,NO,NO,NO,NO,NO,NO,NO,NO,NO,NO,NO,NO,NO,NO,NO
Linrh1,Lineolata rhizophorae ATCC 16933 v1.0,Pleosporales,Dothideomycetes,Pezizomycotina,Ascomycota,NO, S ,YES,NO,NO,NO,NO,NO,NO,NO,NO,NO,NO,NO,NO,NO,NO,NO,NO,NO,NO,NO,NO,NO,NO,NO,NO,NO,NO,NO,NO,NO,NO,NO,NO
Lopnu1,Lophiotrema nucula CBS 627.86 v1.0,Pleosporales,Dothideomycetes,Pezizomycotina,Ascomycota,NO, S ,YES,NO,NO,NO,NO,NO,NO,NO,NO,NO,NO,NO,NO,NO,NO,NO,NO,NO,NO,NO,NO,NO,NO,NO,NO,NO,NO,NO,NO,NO,NO,NO,NO
Macph1,Macrophomina phaseolina MS6,Botryosphaeriales,Dothideomycetes,Pezizomycotina,Ascomycota,YES, S  N ,YES,YES,NO,NO,NO,NO,NO,NO,NO,NO,NO,NO,NO,NO,NO,NO,NO,NO,NO,NO,NO,NO,NO,NO,YES,NO,YES,NO,YES,YES,YES,YES,YES
Maseb1,Massarina eburnea CBS 473.64 v1.0,Pleosporales,Dothideomycetes,Pezizomycotina,Ascomycota,NO, S ,YES,NO,NO,NO,NO,NO,NO,NO,NO,NO,NO,NO,NO,NO,NO,NO,NO,NO,NO,NO,NO,NO,NO,NO,NO,NO,NO,NO,NO,NO,NO,NO,NO
Masph1,Massariosphaeria phaeospora CBS 611.86 v1.0,Pleosporales,Dothideomycetes,Pezizomycotina,Ascomycota,NO, S ,YES,NO,NO,NO,NO,NO,NO,NO,NO,NO,NO,NO,NO,NO,NO,NO,NO,NO,NO,NO,NO,NO,NO,NO,NO,NO,NO,NO,NO,NO,NO,NO,NO
Mycgr3,Mycosphaerella graminicola v2.0,Mycosphaerellales,Dothideomycetes,Pezizomycotina,Ascomycota,YES, HB ,NO,NO,NO,NO,YES,NO,NO,NO,NO,NO,NO,NO,NO,NO,NO,NO,NO,NO,NO,NO,NO,NO,NO,NO,YES,NO,NO,NO,NO,YES,NO,YES,NO
Myrdu1,Myriangium duriaei CBS 260.36 v1.0,Myriangiales,Dothideomycetes,Pezizomycotina,Ascomycota,YES, S  P ,YES,NO,NO,NO,NO,NO,YES,NO,NO,NO,NO,NO,NO,NO,NO,NO,NO,NO,NO,NO,NO,NO,NO,NO,NO,NO,NO,YES,NO,NO,NO,NO,NO
Neopa1,Neofusicoccum parvum UCRNP2,Botryosphaeriales,Dothideomycetes,Pezizomycotina,Ascomycota,YES, N ,NO,YES,NO,NO,NO,NO,NO,NO,NO,NO,NO,NO,NO,NO,NO,NO,NO,NO,NO,NO,NO,NO,NO,NO,YES,NO,NO,NO,NO,YES,YES,NO,NO
Ophdi1,Ophiobolus disseminans CBS 113818 v1.0,Pleosporales,Dothideomycetes,Pezizomycotina,Ascomycota,NO, S ,YES,NO,NO,NO,NO,NO,NO,NO,NO,NO,NO,NO,NO,NO,NO,NO,NO,NO,NO,NO,NO,NO,NO,NO,NO,NO,NO,NO,NO,NO,NO,NO,NO
Parsp1,Paraconiothyrium sporulosum AP3s5-JAC2a v1.0,Pleosporales,Dothideomycetes,Pezizomycotina,Ascomycota,NO, S  E ,YES,NO,NO,NO,NO,NO,NO,NO,NO,NO,YES,NO,NO,NO,NO,NO,NO,NO,NO,NO,NO,NO,NO,NO,NO,NO,NO,NO,NO,NO,NO,NO,NO
Patat1,Patellaria atrata v1.0,Patellariales,Dothideomycetes,Pezizomycotina,Ascomycota,NO, S ,YES,NO,NO,NO,NO,NO,NO,NO,NO,NO,NO,NO,NO,NO,NO,NO,NO,NO,NO,NO,NO,NO,NO,NO,NO,NO,NO,NO,NO,NO,NO,NO,NO
Perma1,Periconia macrospinosa DSE2036 v1.0,Pleosporales,Dothideomycetes,Pezizomycotina,Ascomycota,NO, E ,NO,NO,NO,NO,NO,NO,NO,NO,NO,NO,YES,NO,NO,NO,NO,NO,NO,NO,NO,NO,NO,NO,NO,NO,NO,NO,NO,NO,NO,NO,NO,NO,NO
Photr1,Phoma tracheiphila IPT5 v1.0,Pleosporales,Dothideomycetes,Pezizomycotina,Ascomycota,YES, N ,NO,YES,NO,NO,NO,NO,NO,NO,NO,NO,NO,NO,NO,NO,NO,NO,NO,NO,NO,NO,NO,NO,NO,NO,YES,NO,NO,NO,NO,YES,YES,YES,YES
Phycap1,Phyllosticta capitalensis CBS 128856 v1.0,Botryosphaeriales,Dothideomycetes,Pezizomycotina,Ascomycota,YES, E  O ,NO,NO,NO,NO,NO,NO,NO,YES,NO,NO,YES,NO,NO,NO,NO,NO,NO,NO,NO,NO,NO,NO,NO,NO,YES,NO,NO,NO,YES,YES,NO,YES,NO
Phycit1,Phyllosticta citriasiana v1.0,Botryosphaeriales,Dothideomycetes,Pezizomycotina,Ascomycota,YES, N ,NO,YES,NO,NO,NO,NO,NO,NO,NO,NO,NO,NO,NO,NO,NO,NO,NO,NO,NO,NO,NO,NO,NO,NO,YES,NO,NO,NO,NO,YES,NO,YES,NO
Phcit1,Phyllosticta citribraziliensis CBS 100098 v1.0,Botryosphaeriales,Dothideomycetes,Pezizomycotina,Ascomycota,NO, E ,NO,NO,NO,NO,NO,NO,NO,NO,NO,NO,YES,NO,NO,NO,NO,NO,NO,NO,NO,NO,NO,NO,NO,NO,NO,NO,NO,NO,NO,NO,NO,NO,NO
Phcitr1,Phyllosticta citrichinaensis CBS 130529 v1.0,Botryosphaeriales,Dothideomycetes,Pezizomycotina,Ascomycota,YES, N ,NO,YES,NO,NO,NO,NO,NO,NO,NO,NO,NO,NO,NO,NO,NO,NO,NO,NO,NO,NO,NO,NO,NO,NO,YES,NO,NO,NO,NO,YES,NO,YES,NO
Pieho1_1,Piedraia hortae v1.1,Capnodiales,Dothideomycetes,Pezizomycotina,Ascomycota,YES, S  O ,YES,NO,NO,NO,NO,NO,NO,YES,NO,NO,NO,NO,NO,NO,NO,NO,NO,NO,NO,NO,NO,NO,NO,NO,NO,NO,YES,NO,NO,NO,NO,NO,NO
Polci1,Polychaeton citri v1.0,Capnodiales,Dothideomycetes,Pezizomycotina,Ascomycota,NO, S ,YES,NO,NO,NO,NO,NO,NO,NO,NO,NO,NO,NO,NO,NO,NO,NO,NO,NO,NO,NO,NO,NO,NO,NO,NO,NO,NO,NO,NO,NO,NO,NO,NO
Mycfi2,Pseudocercospora (Mycosphaerella) fijiensis v2.0,Capnodiales,Dothideomycetes,Pezizomycotina,Ascomycota,YES, HB ,NO,NO,NO,NO,YES,NO,NO,NO,NO,NO,NO,NO,NO,NO,NO,NO,NO,NO,NO,NO,NO,NO,NO,NO,YES,NO,NO,NO,NO,YES,NO,YES,NO
Psehy1,Pseudovirgaria hyperparasitica CBS 121739 v1.0,Capnodiales,Dothideomycetes,Pezizomycotina,Ascomycota,YES, MP ,NO,NO,NO,NO,NO,YES,NO,NO,NO,NO,NO,NO,NO,NO,NO,NO,NO,NO,NO,NO,NO,NO,NO,NO,NO,YES,NO,NO,NO,NO,NO,NO,NO
Pyrly1,Pyrenochaeta lycopersici MPI-SDFR-AT-0127 v1.0,Pleosporales,Dothideomycetes,Pezizomycotina,Ascomycota,YES, HB ,NO,NO,NO,NO,YES,NO,NO,NO,NO,NO,NO,NO,NO,NO,NO,NO,NO,NO,NO,NO,NO,NO,NO,NO,YES,NO,NO,NO,NO,YES,NO,NO,YES
Pyrtt1,Pyrenophora teres f. teres,Pleosporales,Dothideomycetes,Pezizomycotina,Ascomycota,YES, N ,NO,YES,NO,NO,NO,NO,NO,NO,NO,NO,NO,NO,NO,NO,NO,NO,NO,NO,NO,NO,NO,NO,NO,NO,YES,NO,NO,NO,NO,YES,NO,YES,NO
Pyrtr1,Pyrenophora tritici-repentis,Pleosporales,Dothideomycetes,Pezizomycotina,Ascomycota,YES, N ,NO,YES,NO,NO,NO,NO,NO,NO,NO,NO,NO,NO,NO,NO,NO,NO,NO,NO,NO,NO,NO,NO,NO,NO,YES,NO,NO,NO,NO,YES,NO,YES,NO
Rhyru1_1,Rhytidhysteron rufulum,Hysteriales,Dothideomycetes,Pezizomycotina,Ascomycota,YES, S  E  O  ,YES,NO,NO,NO,NO,NO,NO,YES,NO,NO,YES,NO,NO,NO,NO,NO,NO,NO,NO,NO,NO,NO,NO,NO,YES,NO,YES,NO,NO,YES,YES,NO,NO
Sacpr1,Saccharata proteae CBS 121410 v1.0,Botryosphaeriales,Dothideomycetes,Pezizomycotina,Ascomycota,YES, S  E  O ,YES,NO,NO,NO,NO,NO,NO,YES,NO,NO,YES,NO,NO,NO,NO,NO,NO,NO,NO,NO,NO,NO,NO,NO,YES,NO,NO,NO,NO,YES,YES,YES,NO
Sepmu1,Septoria musiva SO2202 v1.0,Capnodiales,Dothideomycetes,Pezizomycotina,Ascomycota,YES, HB ,NO,NO,NO,NO,YES,NO,NO,NO,NO,NO,NO,NO,NO,NO,NO,NO,NO,NO,NO,NO,NO,NO,NO,NO,YES,NO,NO,NO,NO,YES,YES,YES,NO
Seppo1,Septoria populicola v1.0,Capnodiales,Dothideomycetes,Pezizomycotina,Ascomycota,YES, HB ,NO,NO,NO,NO,YES,NO,NO,NO,NO,NO,NO,NO,NO,NO,NO,NO,NO,NO,NO,NO,NO,NO,NO,NO,YES,NO,NO,NO,NO,YES,NO,YES,NO
Setho1,Setomelanomma holmii CBS 110217 v1.0,Pleosporales,Dothideomycetes,Pezizomycotina,Ascomycota,YES, E  HB ,NO,NO,NO,NO,YES,NO,NO,NO,NO,NO,YES,NO,NO,NO,NO,NO,NO,NO,NO,NO,NO,NO,NO,NO,YES,NO,NO,NO,YES,NO,NO,YES,NO
Settu3,Setosphaeria turcica Et28A v2.0,Pleosporales,Dothideomycetes,Pezizomycotina,Ascomycota,YES, HB ,NO,NO,NO,NO,YES,NO,NO,NO,NO,NO,NO,NO,NO,NO,NO,NO,NO,NO,NO,NO,NO,NO,NO,NO,YES,NO,NO,NO,NO,YES,NO,YES,NO
Spofi1,Sporormia fimetaria v1.0,Pleosporales,Dothideomycetes,Pezizomycotina,Ascomycota,NO, S  C ,YES,NO,NO,NO,NO,NO,NO,NO,NO,NO,NO,NO,NO,NO,NO,YES,NO,NO,NO,NO,NO,NO,NO,NO,NO,NO,NO,NO,NO,NO,NO,NO,NO
Stano2,Stagonospora nodorum SN15 v2.0,Pleosporales,Dothideomycetes,Pezizomycotina,Ascomycota,YES, N ,NO,YES,NO,NO,NO,NO,NO,NO,NO,NO,NO,NO,NO,NO,NO,NO,NO,NO,NO,NO,NO,NO,NO,NO,YES,NO,NO,NO,NO,YES,YES,YES,NO
Ternu1,Teratosphaeria nubilosa CBS 116005 v1.0,Capnodiales,Dothideomycetes,Pezizomycotina,Ascomycota,YES, N ,NO,YES,NO,NO,NO,NO,NO,NO,NO,NO,NO,NO,NO,NO,NO,NO,NO,NO,NO,NO,NO,NO,NO,NO,YES,NO,NO,NO,NO,YES,NO,YES,NO
Totfu1,Tothia fuscella CBS 130266 v1.0,Microthyriales,Dothideomycetes,Pezizomycotina,Ascomycota,NO, S ,YES,NO,NO,NO,NO,NO,NO,NO,NO,NO,NO,NO,NO,NO,NO,NO,NO,NO,NO,NO,NO,NO,NO,NO,NO,NO,NO,NO,NO,NO,NO,NO,NO
Trepe1,Trematosphaeria pertusa CBS 122368 v1.0,Pleosporales,Dothideomycetes,Pezizomycotina,Ascomycota,NO, S ,YES,NO,NO,NO,NO,NO,NO,NO,NO,NO,NO,NO,NO,NO,NO,NO,NO,NO,NO,NO,NO,NO,NO,NO,NO,NO,NO,NO,NO,NO,NO,NO,NO
Tribi1,Trichodelitschia bisporula CBS 262.69 v1.0,Phaeotrichales,Dothideomycetes,Pezizomycotina,Ascomycota,NO, S  C ,YES,NO,NO,NO,NO,NO,NO,NO,NO,NO,NO,NO,NO,NO,NO,YES,NO,NO,NO,NO,NO,NO,NO,NO,NO,NO,NO,NO,NO,NO,NO,NO,NO
Tryvi1,Trypethelium eluteriae v1.0,Trypetheliales,Dothideomycetes,Pezizomycotina,Ascomycota,NO, LF ,NO,NO,NO,NO,NO,NO,NO,NO,NO,NO,NO,NO,NO,YES,NO,NO,NO,NO,NO,NO,NO,NO,NO,NO,NO,NO,NO,NO,NO,NO,NO,NO,NO
Venin1,Venturia inaequalis,Venturiales,Dothideomycetes,Pezizomycotina,Ascomycota,YES, S  HB ,YES,NO,NO,NO,YES,NO,NO,NO,NO,NO,NO,NO,NO,NO,NO,NO,NO,NO,NO,NO,NO,NO,NO,NO,YES,NO,NO,NO,NO,YES,NO,YES,NO
Venpi1,Venturia pirina,Venturiales,Dothideomycetes,Pezizomycotina,Ascomycota,YES, S  HB ,YES,NO,NO,NO,YES,NO,NO,NO,NO,NO,NO,NO,NO,NO,NO,NO,NO,NO,NO,NO,NO,NO,NO,NO,YES,NO,NO,NO,NO,YES,NO,YES,NO
Verga1,Verruconis gallopava,Venturiales,Dothideomycetes,Pezizomycotina,Ascomycota,YES, S  BY  O ,YES,NO,NO,NO,NO,NO,NO,YES,NO,NO,NO,NO,NO,NO,NO,NO,NO,YES,NO,NO,NO,NO,NO,NO,NO,NO,YES,NO,NO,NO,NO,NO,NO
Veren1,Verruculina enalia CBS 304.66 v1.0,Pleosporales,Dothideomycetes,Pezizomycotina,Ascomycota,NO, S ,YES,NO,NO,NO,NO,NO,NO,NO,NO,NO,NO,NO,NO,NO,NO,NO,NO,NO,NO,NO,NO,NO,NO,NO,NO,NO,NO,NO,NO,NO,NO,NO,NO
Wesor1,Westerdykella ornata CBS 379.55 v1.0,Pleosporales,Dothideomycetes,Pezizomycotina,Ascomycota,NO, S ,YES,NO,NO,NO,NO,NO,NO,NO,NO,NO,NO,NO,NO,NO,NO,NO,NO,NO,NO,NO,NO,NO,NO,NO,NO,NO,NO,NO,NO,NO,NO,NO,NO
Zasce1,Zasmidium cellare ATCC 36951 v1.0,Capnodiales,Dothideomycetes,Pezizomycotina,Ascomycota,NO, S ,YES,NO,NO,NO,NO,NO,NO,NO,NO,NO,NO,NO,NO,NO,NO,NO,NO,NO,NO,NO,NO,NO,NO,NO,NO,NO,NO,NO,NO,NO,NO,NO,NO
Zymar1,Zymoseptoria ardabiliae STIR04_1.1.1,Capnodiales,Dothideomycetes,Pezizomycotina,Ascomycota,YES, HB ,NO,NO,NO,NO,YES,NO,NO,NO,NO,NO,NO,NO,NO,NO,NO,NO,NO,NO,NO,NO,NO,NO,NO,NO,YES,NO,NO,NO,NO,YES,NO,YES,NO
Zymbr1,Zymoseptoria brevis Zb18110,Capnodiales,Dothideomycetes,Pezizomycotina,Ascomycota,YES, HB ,NO,NO,NO,NO,YES,NO,NO,NO,NO,NO,NO,NO,NO,NO,NO,NO,NO,NO,NO,NO,NO,NO,NO,NO,YES,NO,NO,NO,NO,YES,NO,YES,NO
Zymps1,Zymoseptoria pseudotritici STIR04_2.2.1,Capnodiales,Dothideomycetes,Pezizomycotina,Ascomycota,YES, HB ,NO,NO,NO,NO,YES,NO,NO,NO,NO,NO,NO,NO,NO,NO,NO,NO,NO,NO,NO,NO,NO,NO,NO,NO,YES,NO,NO,NO,NO,YES,NO,YES,NO
Achstr1,Achaetomium strumarium CBS333.67 v1.0,Sordariales,Sordariomycetes,Pezizomycotina,Ascomycota,YES, S  O  T ,YES,NO,NO,NO,NO,NO,NO,YES,NO,NO,NO,NO,NO,NO,NO,NO,NO,NO,YES,NO,NO,NO,NO,NO,NO,NO,YES,NO,NO,NO,NO,NO,NO
Acrst1,Acremonium strictum DS1bioAY4a v1.0,Hypocreales,Sordariomycetes,Pezizomycotina,Ascomycota,YES, S  E  B   ,YES,NO,YES,NO,NO,NO,NO,NO,NO,NO,YES,NO,NO,NO,NO,NO,NO,NO,NO,NO,NO,NO,NO,NO,YES,YES,YES,NO,NO,YES,YES,YES,NO
Apibac1,Apiosordaria backusii CBS 540.89 v1.0,Sordariales,Sordariomycetes,Pezizomycotina,Ascomycota,NO, S  C ,YES,NO,NO,NO,NO,NO,NO,NO,NO,NO,NO,NO,NO,NO,NO,YES,NO,NO,NO,NO,NO,NO,NO,NO,NO,NO,NO,NO,NO,NO,NO,NO,NO
Apimo1,Apiospora montagnei NRRL 25634 v1.0,Incertae sedis,Sordariomycetes,Pezizomycotina,Ascomycota,NO, HY  C  E  S  EL ,YES,NO,NO,NO,NO,NO,NO,NO,NO,NO,YES,NO,NO,NO,YES,YES,NO,NO,NO,NO,NO,YES,NO,NO,NO,NO,NO,NO,NO,NO,NO,NO,NO
Apope1,Apodospora peruviana CBS 118394 v1.0,Sordariales,Sordariomycetes,Pezizomycotina,Ascomycota,NO, S  C ,YES,NO,NO,NO,NO,NO,NO,NO,NO,NO,NO,NO,NO,NO,NO,YES,NO,NO,NO,NO,NO,NO,NO,NO,NO,NO,NO,NO,NO,NO,NO,NO,NO
Beaba1,Beauveria bassiana ARSEF 2860,Hypocreales,Sordariomycetes,Pezizomycotina,Ascomycota,YES, E  P ,NO,NO,NO,NO,NO,NO,YES,NO,NO,NO,YES,NO,NO,NO,NO,NO,NO,NO,NO,NO,NO,NO,NO,NO,NO,NO,NO,YES,NO,NO,NO,NO,NO
Bisnum1,Biscogniauxia nummularia v1.0,Xylariales,Sordariomycetes,Pezizomycotina,Ascomycota,YES, E  S  HB  O ,YES,NO,NO,NO,YES,NO,NO,YES,NO,NO,YES,NO,NO,NO,NO,NO,NO,NO,NO,NO,NO,NO,NO,NO,YES,NO,NO,NO,NO,YES,YES,NO,YES
Calpu1,Calosphaeria pulchella,Calosphaeriales,Sordariomycetes,Pezizomycotina,Ascomycota,YES, S  HB ,YES,NO,NO,NO,YES,NO,NO,NO,NO,NO,NO,NO,NO,NO,NO,NO,NO,NO,NO,NO,NO,NO,NO,NO,YES,NO,NO,NO,NO,YES,YES,NO,NO
Chafi1,Chaetomidium fimeti CBS 168.71 v1.0,Sordariales,Sordariomycetes,Pezizomycotina,Ascomycota,NO, S ,YES,NO,NO,NO,NO,NO,NO,NO,NO,NO,NO,NO,NO,NO,NO,NO,NO,NO,NO,NO,NO,NO,NO,NO,NO,NO,NO,NO,NO,NO,NO,NO,NO
Chagl_1,Chaetomium globosum v1.0,Sordariales,Sordariomycetes,Pezizomycotina,Ascomycota,YES, S  E  O ,YES,NO,NO,NO,NO,NO,NO,YES,NO,NO,YES,NO,NO,NO,NO,NO,NO,NO,NO,NO,NO,NO,NO,NO,NO,NO,YES,NO,NO,NO,NO,NO,NO
Clabul1,Cladorrhinum bulbillosum DJ3 v1.0,Sordariales,Sordariomycetes,Pezizomycotina,Ascomycota,YES, S  E  O ,YES,NO,NO,NO,NO,NO,NO,YES,NO,NO,YES,NO,NO,NO,NO,NO,NO,NO,NO,NO,NO,NO,NO,NO,NO,NO,YES,NO,NO,NO,NO,NO,NO
Cloro1,Clonostachys rosea CBS125111 v1.0,Hypocreales,Sordariomycetes,Pezizomycotina,Ascomycota,YES, E  S  MP  N ,YES,YES,NO,NO,NO,YES,NO,NO,NO,NO,YES,NO,NO,NO,NO,NO,NO,NO,NO,NO,NO,NO,NO,NO,NO,YES,NO,YES,NO,NO,NO,NO,NO
Colab1,Colletotrichum abscissum IMI 504890,Glomerallales,Sordariomycetes,Pezizomycotina,Ascomycota,YES, HB ,NO,NO,NO,NO,YES,NO,NO,NO,NO,NO,NO,NO,NO,NO,NO,NO,NO,NO,NO,NO,NO,NO,NO,NO,YES,NO,NO,NO,NO,YES,NO,YES,NO
Colac2,Colletotrichum acutatum CBS 112980 v2.0,Glomerallales,Sordariomycetes,Pezizomycotina,Ascomycota,YES, E  EP  HB ,NO,NO,NO,NO,YES,NO,NO,NO,NO,NO,YES,YES,NO,NO,NO,NO,NO,NO,NO,NO,NO,NO,NO,NO,YES,NO,NO,NO,YES,YES,YES,YES,YES
Colca1,Colletotrichum caudatum CBS131602 v1.0,Glomerallales,Sordariomycetes,Pezizomycotina,Ascomycota,YES, E  HB ,NO,NO,NO,NO,YES,NO,NO,NO,NO,NO,YES,NO,NO,NO,NO,NO,NO,NO,NO,NO,NO,NO,NO,NO,YES,NO,NO,NO,NO,YES,NO,YES,NO
Colce1,Colletotrichum cereale CBS 129662 v1.0,Glomerallales,Sordariomycetes,Pezizomycotina,Ascomycota,YES, E  HB ,NO,NO,NO,NO,YES,NO,NO,NO,NO,NO,YES,NO,NO,NO,NO,NO,NO,NO,NO,NO,NO,NO,NO,NO,YES,NO,NO,NO,NO,YES,YES,YES,NO
Colch1,Colletotrichum chlorophyti NTL11,Glomerallales,Sordariomycetes,Pezizomycotina,Ascomycota,YES, HB ,NO,NO,NO,NO,YES,NO,NO,NO,NO,NO,NO,NO,NO,NO,NO,NO,NO,NO,NO,NO,NO,NO,NO,NO,YES,NO,NO,NO,NO,YES,NO,YES,NO
Coler1,Colletotrichum eremochloae CBS129661 v1.0,Glomerallales,Sordariomycetes,Pezizomycotina,Ascomycota,YES, E  HB ,NO,NO,NO,NO,YES,NO,NO,NO,NO,NO,YES,NO,NO,NO,NO,NO,NO,NO,NO,NO,NO,NO,NO,NO,YES,NO,NO,NO,NO,YES,YES,YES,NO
Colfa1,Colletotrichum falcatum MAFF306170 v1.0,Glomerallales,Sordariomycetes,Pezizomycotina,Ascomycota,YES, E  HB ,NO,NO,NO,NO,YES,NO,NO,NO,NO,NO,YES,NO,NO,NO,NO,NO,NO,NO,NO,NO,NO,NO,NO,NO,YES,NO,NO,NO,NO,YES,YES,YES,NO
Colfi1,Colletotrichum fioriniae PJ7,Glomerallales,Sordariomycetes,Pezizomycotina,Ascomycota,YES, E  HB ,NO,NO,NO,NO,YES,NO,NO,NO,NO,NO,YES,NO,NO,NO,NO,NO,NO,NO,NO,NO,NO,NO,NO,NO,YES,NO,NO,YES,NO,YES,YES,YES,NO
Colgo1,Colletotrichum godetiae CBS 193.32 v1.0,Glomerallales,Sordariomycetes,Pezizomycotina,Ascomycota,YES, HB ,NO,NO,NO,NO,YES,NO,NO,NO,NO,NO,NO,NO,NO,NO,NO,NO,NO,NO,NO,NO,NO,NO,NO,NO,YES,NO,NO,NO,NO,YES,NO,YES,NO
Colgr1,Colletotrichum graminicola M1.001,Glomerallales,Sordariomycetes,Pezizomycotina,Ascomycota,YES, HB ,NO,NO,NO,NO,YES,NO,NO,NO,NO,NO,NO,NO,NO,NO,NO,NO,NO,NO,NO,NO,NO,NO,NO,NO,YES,NO,NO,NO,NO,YES,YES,YES,YES
Colhig2,Colletotrichum higginsianum IMI 349063,Glomerallales,Sordariomycetes,Pezizomycotina,Ascomycota,YES, HB ,NO,NO,NO,NO,YES,NO,NO,NO,NO,NO,NO,NO,NO,NO,NO,NO,NO,NO,NO,NO,NO,NO,NO,NO,YES,NO,NO,NO,NO,YES,YES,YES,NO
Colin1,Colletotrichum incanum MAFF 238712,Glomerallales,Sordariomycetes,Pezizomycotina,Ascomycota,YES, HB ,NO,NO,NO,NO,YES,NO,NO,NO,NO,NO,NO,NO,NO,NO,NO,NO,NO,NO,NO,NO,NO,NO,NO,NO,YES,NO,NO,NO,NO,YES,YES,YES,NO
Collu1,Colletotrichum lupini CBS 109225 v1.0,Glomerallales,Sordariomycetes,Pezizomycotina,Ascomycota,YES, HB ,NO,NO,NO,NO,YES,NO,NO,NO,NO,NO,NO,NO,NO,NO,NO,NO,NO,NO,NO,NO,NO,NO,NO,NO,YES,NO,NO,NO,NO,YES,YES,YES,NO
Colna1,Colletotrichum navitas CBS125086 v1.0,Glomerallales,Sordariomycetes,Pezizomycotina,Ascomycota,YES, E  HB ,NO,NO,NO,NO,YES,NO,NO,NO,NO,NO,YES,NO,NO,NO,NO,NO,NO,NO,NO,NO,NO,NO,NO,NO,YES,NO,NO,NO,NO,YES,YES,YES,NO
Colny1,Colletotrichum nymphaeae SA-01,Glomerallales,Sordariomycetes,Pezizomycotina,Ascomycota,YES, HB ,NO,NO,NO,NO,YES,NO,NO,NO,NO,NO,NO,NO,NO,NO,NO,NO,NO,NO,NO,NO,NO,NO,NO,NO,YES,NO,NO,YES,NO,YES,YES,YES,YES
Colorb1,Colletotrichum orbiculare 104-T,Glomerallales,Sordariomycetes,Pezizomycotina,Ascomycota,YES, HB ,NO,NO,NO,NO,YES,NO,NO,NO,NO,NO,NO,NO,NO,NO,NO,NO,NO,NO,NO,NO,NO,NO,NO,NO,YES,NO,NO,NO,NO,YES,YES,YES,NO
Colsa1,Colletotrichum salicis CBS607.94,Glomerallales,Sordariomycetes,Pezizomycotina,Ascomycota,YES, HB ,NO,NO,NO,NO,YES,NO,NO,NO,NO,NO,NO,NO,NO,NO,NO,NO,NO,NO,NO,NO,NO,NO,NO,NO,YES,NO,NO,NO,YES,YES,YES,YES,NO
Colsi1,Colletotrichum simmondsii CBS122122,Glomerallales,Sordariomycetes,Pezizomycotina,Ascomycota,YES, E  HB ,NO,NO,NO,NO,YES,NO,NO,NO,NO,NO,YES,NO,NO,NO,NO,NO,NO,NO,NO,NO,NO,NO,NO,NO,YES,NO,NO,NO,NO,YES,YES,YES,NO
Colsu1,Colletotrichum sublineola CBS 131301 v1.0,Glomerallales,Sordariomycetes,Pezizomycotina,Ascomycota,YES, E  HB ,NO,NO,NO,NO,YES,NO,NO,NO,NO,NO,YES,NO,NO,NO,NO,NO,NO,NO,NO,NO,NO,NO,NO,NO,YES,NO,NO,NO,NO,YES,YES,YES,NO
Colta1,Colletotrichum tamarilloi CBS 129955,Glomerallales,Sordariomycetes,Pezizomycotina,Ascomycota,YES, HB ,NO,NO,NO,NO,YES,NO,NO,NO,NO,NO,NO,NO,NO,NO,NO,NO,NO,NO,NO,NO,NO,NO,NO,NO,YES,NO,NO,NO,NO,YES,NO,YES,NO
Colto1,Colletotrichum tofieldiae 0861,Glomerallales,Sordariomycetes,Pezizomycotina,Ascomycota,NO, E ,NO,NO,NO,NO,NO,NO,NO,NO,NO,NO,YES,NO,NO,NO,NO,NO,NO,NO,NO,NO,NO,NO,NO,NO,NO,NO,NO,NO,NO,NO,NO,NO,NO
Pilidi1,Coniella lustricola B22-T-1 v1.0,Diaporthales,Sordariomycetes,Pezizomycotina,Ascomycota,NO, S ,YES,NO,NO,NO,NO,NO,NO,NO,NO,NO,NO,NO,NO,NO,NO,NO,NO,NO,NO,NO,NO,NO,NO,NO,NO,NO,NO,NO,NO,NO,NO,NO,NO
Conlig1,Coniochaeta ligniaria NRRL 30616 v1.0,Coniochaetales,Sordariomycetes,Pezizomycotina,Ascomycota,YES, S  E  O ,YES,NO,NO,NO,NO,NO,NO,YES,NO,NO,YES,NO,NO,NO,NO,NO,NO,NO,NO,NO,NO,NO,NO,NO,NO,NO,YES,NO,NO,NO,NO,NO,NO
Cormi1,Cordyceps militaris CM01,Hypocreales,Sordariomycetes,Pezizomycotina,Ascomycota,YES, P ,NO,NO,NO,NO,NO,NO,YES,NO,NO,NO,NO,NO,NO,NO,NO,NO,NO,NO,NO,NO,NO,NO,NO,NO,NO,NO,NO,YES,NO,NO,NO,NO,NO
Corma2,Corollospora maritima CBS 119819 v2.0,Microascales,Sordariomycetes,Pezizomycotina,Ascomycota,NO, S ,YES,NO,NO,NO,NO,NO,NO,NO,NO,NO,NO,NO,NO,NO,NO,NO,NO,NO,NO,NO,NO,NO,NO,NO,NO,NO,NO,NO,NO,NO,NO,NO,NO
Crypa2,Cryphonectria parasitica EP155 v2.0,Diaporthales,Sordariomycetes,Pezizomycotina,Ascomycota,YES, S  N ,YES,YES,NO,NO,NO,NO,NO,NO,NO,NO,NO,NO,NO,NO,NO,NO,NO,NO,NO,NO,NO,NO,NO,NO,YES,NO,NO,NO,NO,YES,YES,NO,NO
Crypo1,Cryptodiaporthe populea CFL2025 v1.0,Diaporthales,Sordariomycetes,Pezizomycotina,Ascomycota,YES, E  N ,NO,YES,NO,NO,NO,NO,NO,NO,NO,NO,YES,NO,NO,NO,NO,NO,NO,NO,NO,NO,NO,NO,NO,NO,YES,NO,NO,NO,NO,YES,YES,YES,NO
Cytch1,Cytospora chrysosperma CFL2056 v1.0,Diaporthales,Sordariomycetes,Pezizomycotina,Ascomycota,YES, S  E  P  O ,YES,NO,NO,NO,NO,NO,YES,YES,NO,NO,YES,NO,NO,NO,NO,NO,NO,NO,NO,NO,NO,NO,NO,NO,YES,NO,NO,NO,NO,YES,YES,NO,NO
Daces1,Dactylonectria estremocensis MPI-CAGE-AT-0021 v1.0,Hypocreales,Sordariomycetes,Pezizomycotina,Ascomycota,YES, S  E  O  N ,YES,YES,NO,NO,NO,NO,NO,YES,NO,NO,YES,NO,NO,NO,NO,NO,NO,NO,NO,NO,NO,NO,NO,NO,YES,NO,NO,NO,YES,YES,YES,NO,YES
Dacma1,Dactylonectria macrodidyma MPI-CAGE-AT-0147 v1.0,Hypocreales,Sordariomycetes,Pezizomycotina,Ascomycota,YES, S  E  O  N ,YES,YES,NO,NO,NO,NO,NO,YES,NO,NO,YES,NO,NO,NO,NO,NO,NO,NO,NO,NO,NO,NO,NO,NO,YES,NO,NO,NO,NO,YES,YES,NO,YES
DalEC12_1,Daldinia eschscholzii EC12 v1.0,Xylariales,Sordariomycetes,Pezizomycotina,Ascomycota,NO, E ,NO,NO,NO,NO,NO,NO,NO,NO,NO,NO,YES,NO,NO,NO,NO,NO,NO,NO,NO,NO,NO,NO,NO,NO,NO,NO,NO,NO,NO,NO,NO,NO,NO
Diaam1,Diaporthe ampelina UCDDA912,Diaporthales,Sordariomycetes,Pezizomycotina,Ascomycota,YES, E  HB ,NO,NO,NO,NO,YES,NO,NO,NO,NO,NO,YES,NO,NO,NO,NO,NO,NO,NO,NO,NO,NO,NO,NO,NO,YES,NO,NO,NO,NO,YES,YES,YES,NO
Entma1,Entoleuca mammata CFL468 v1.0,Xylariales,Sordariomycetes,Pezizomycotina,Ascomycota,YES, E  N ,NO,YES,NO,NO,NO,NO,NO,NO,NO,NO,YES,NO,NO,NO,NO,NO,NO,NO,NO,NO,NO,NO,NO,NO,YES,NO,NO,NO,NO,YES,YES,NO,NO
Eutla1,Eutypa lata UCREL1,Xylariales,Sordariomycetes,Pezizomycotina,Ascomycota,YES, N ,NO,YES,NO,NO,NO,NO,NO,NO,NO,NO,NO,NO,NO,NO,NO,NO,NO,NO,NO,NO,NO,NO,NO,NO,YES,NO,NO,NO,NO,YES,YES,NO,NO
Fusco1,Fusarium commune MPI-SDFR-AT-0072 v1.0,Hypocreales,Sordariomycetes,Pezizomycotina,Ascomycota,YES, S  N ,YES,YES,NO,NO,NO,NO,NO,NO,NO,NO,NO,NO,NO,NO,NO,NO,NO,NO,NO,NO,NO,NO,NO,NO,YES,NO,NO,NO,YES,YES,NO,NO,YES
Fuseq1,Fusarium equiseti MPI-CAGE-AA-0113 v1.0,Hypocreales,Sordariomycetes,Pezizomycotina,Ascomycota,YES, S  E  O  N ,YES,YES,NO,NO,NO,NO,NO,YES,NO,NO,YES,NO,NO,NO,NO,NO,NO,NO,NO,NO,NO,NO,NO,NO,YES,NO,NO,NO,YES,YES,YES,NO,YES
Fusfu1,Fusarium fujikuroi IMI 58289,Hypocreales,Sordariomycetes,Pezizomycotina,Ascomycota,YES, N ,NO,YES,NO,NO,NO,NO,NO,NO,NO,NO,NO,NO,NO,NO,NO,NO,NO,NO,NO,NO,NO,NO,NO,NO,YES,NO,NO,NO,NO,YES,YES,YES,YES
Fusgr1,Fusarium graminearum v1.0,Hypocreales,Sordariomycetes,Pezizomycotina,Ascomycota,YES, S  HB ,YES,NO,NO,NO,YES,NO,NO,NO,NO,NO,NO,NO,NO,NO,NO,NO,NO,NO,NO,NO,NO,NO,NO,NO,YES,NO,NO,NO,NO,YES,YES,YES,NO
Fusox2,Fusarium oxysporum f. sp. lycopersici 4287 v2,Hypocreales,Sordariomycetes,Pezizomycotina,Ascomycota,YES, S  HB ,YES,NO,NO,NO,YES,NO,NO,NO,NO,NO,NO,NO,NO,NO,NO,NO,NO,NO,NO,NO,NO,NO,NO,NO,YES,NO,NO,NO,NO,YES,NO,NO,YES
Fusps1,Fusarium pseudograminearum CS3096,Hypocreales,Sordariomycetes,Pezizomycotina,Ascomycota,YES, S  N ,YES,YES,NO,NO,NO,NO,NO,NO,NO,NO,NO,NO,NO,NO,NO,NO,NO,NO,NO,NO,NO,NO,NO,NO,YES,NO,NO,NO,NO,YES,YES,YES,YES
Fusre1,Fusarium redolens MPI-CAGE-AT-0023 v1.0,Hypocreales,Sordariomycetes,Pezizomycotina,Ascomycota,YES, E  N  S ,YES,YES,NO,NO,NO,NO,NO,NO,NO,NO,YES,NO,NO,NO,NO,NO,NO,NO,NO,NO,NO,NO,NO,NO,YES,NO,NO,NO,YES,YES,YES,NO,YES
Fustri1,Fusarium tricinctum MPI-SDFR-AT-0044 v1.0,Hypocreales,Sordariomycetes,Pezizomycotina,Ascomycota,YES, E  N ,NO,YES,NO,NO,NO,NO,NO,NO,NO,NO,YES,NO,NO,NO,NO,NO,NO,NO,NO,NO,NO,NO,NO,NO,YES,NO,NO,NO,NO,YES,YES,YES,YES
Fusven1,Fusarium venenatum MPI-CAGE-CH-0201 v1.0,Hypocreales,Sordariomycetes,Pezizomycotina,Ascomycota,NO, S  E ,YES,NO,NO,NO,NO,NO,NO,NO,NO,NO,YES,NO,NO,NO,NO,NO,NO,NO,NO,NO,NO,NO,NO,NO,NO,NO,NO,NO,NO,NO,NO,NO,NO
Fusve2,Fusarium verticillioides 7600 v2,Hypocreales,Sordariomycetes,Pezizomycotina,Ascomycota,YES, E  N  O ,NO,YES,NO,NO,NO,NO,NO,YES,NO,NO,YES,NO,NO,NO,NO,NO,NO,NO,NO,NO,NO,NO,NO,NO,YES,NO,YES,NO,NO,YES,YES,NO,YES
Gaegr1,Gaeumannomyces graminis var. tritici R3-111a-1,Magnaporthales,Sordariomycetes,Pezizomycotina,Ascomycota,YES, S  N ,YES,YES,NO,NO,NO,NO,NO,NO,NO,NO,NO,NO,NO,NO,NO,NO,NO,NO,NO,NO,NO,NO,NO,NO,YES,NO,NO,NO,NO,YES,YES,YES,YES
Gelte1,Gelasinospora tetrasperma v1.0,Sordariales,Sordariomycetes,Pezizomycotina,Ascomycota,NO, S ,YES,NO,NO,NO,NO,NO,NO,NO,NO,NO,NO,NO,NO,NO,NO,NO,NO,NO,NO,NO,NO,NO,NO,NO,NO,NO,NO,NO,NO,NO,NO,NO,NO
Gloci1,Glomerella cingulata 23 (Colletotrichum gloeosporoides 23) v1.0,Glomerallales,Sordariomycetes,Pezizomycotina,Ascomycota,YES, E  HB ,NO,NO,NO,NO,YES,NO,NO,NO,NO,NO,YES,NO,NO,NO,NO,NO,NO,NO,NO,NO,NO,NO,NO,NO,YES,NO,NO,NO,NO,YES,NO,YES,NO
Grocl1,Grosmannia clavigera kw1407,Ophiostomatales,Sordariomycetes,Pezizomycotina,Ascomycota,YES, N ,NO,YES,NO,NO,NO,NO,NO,NO,NO,NO,NO,NO,NO,NO,NO,NO,NO,NO,NO,NO,NO,NO,NO,NO,YES,NO,NO,NO,YES,NO,YES,NO,NO
HypCI4A_1,Hypoxylon sp. CI-4A v1.0,Xylariales,Sordariomycetes,Pezizomycotina,Ascomycota,NO, E  S ,YES,NO,NO,NO,NO,NO,NO,NO,NO,NO,YES,NO,NO,NO,NO,NO,NO,NO,NO,NO,NO,NO,NO,NO,NO,NO,NO,NO,NO,NO,NO,NO,NO
HypCO275_1,Hypoxylon sp. CO27-5 v1.0,Xylariales,Sordariomycetes,Pezizomycotina,Ascomycota,NO, E  S ,YES,NO,NO,NO,NO,NO,NO,NO,NO,NO,YES,NO,NO,NO,NO,NO,NO,NO,NO,NO,NO,NO,NO,NO,NO,NO,NO,NO,NO,NO,NO,NO,NO
HypEC38_3,Hypoxylon sp. EC38 v3.0,Xylariales,Sordariomycetes,Pezizomycotina,Ascomycota,NO, E  S ,YES,NO,NO,NO,NO,NO,NO,NO,NO,NO,YES,NO,NO,NO,NO,NO,NO,NO,NO,NO,NO,NO,NO,NO,NO,NO,NO,NO,NO,NO,NO,NO,NO
Ilyrob1,Ilyonectria robusta PMI_751 v1.0,Hypocreales,Sordariomycetes,Pezizomycotina,Ascomycota,YES, E  O  N ,NO,YES,NO,NO,NO,NO,NO,YES,NO,NO,YES,NO,NO,NO,NO,NO,NO,NO,NO,NO,NO,NO,NO,NO,YES,NO,NO,NO,NO,YES,NO,NO,YES
Lashir1,Lasiosphaeris hirsuta SMH4607-1 v1.0,Sordariales,Sordariomycetes,Pezizomycotina,Ascomycota,NO, S ,YES,NO,NO,NO,NO,NO,NO,NO,NO,NO,NO,NO,NO,NO,NO,NO,NO,NO,NO,NO,NO,NO,NO,NO,NO,NO,NO,NO,NO,NO,NO,NO,NO
LecAK0013_1,Lecythophora sp. AK0013 v1.0,Coniochaetales,Sordariomycetes,Pezizomycotina,Ascomycota,NO, E  EL ,NO,NO,NO,NO,NO,NO,NO,NO,NO,NO,YES,NO,NO,NO,YES,NO,NO,NO,NO,NO,NO,NO,NO,NO,NO,NO,NO,NO,NO,NO,NO,NO,NO
Lolmi1,Lollipopaia minuta P26; CBS 116597 v1.0,Diaporthales,Sordariomycetes,Pezizomycotina,Ascomycota,NO, S ,YES,NO,NO,NO,NO,NO,NO,NO,NO,NO,NO,NO,NO,NO,NO,NO,NO,NO,NO,NO,NO,NO,NO,NO,NO,NO,NO,NO,NO,NO,NO,NO,NO
Magpo1,Magnaporthiopsis poae ATCC 64411,Magnaporthales,Sordariomycetes,Pezizomycotina,Ascomycota,YES, N ,NO,YES,NO,NO,NO,NO,NO,NO,NO,NO,NO,NO,NO,NO,NO,NO,NO,NO,NO,NO,NO,NO,NO,NO,YES,NO,NO,NO,NO,YES,YES,YES,YES
Metac1,Metarhizium acridum CQMa 102,Hypocreales,Sordariomycetes,Pezizomycotina,Ascomycota,YES, P ,NO,NO,NO,NO,NO,NO,YES,NO,NO,NO,NO,NO,NO,NO,NO,NO,NO,NO,NO,NO,NO,NO,NO,NO,NO,NO,NO,YES,NO,NO,NO,NO,NO
Metro1,Metarhizium robertsii ARSEF 23,Hypocreales,Sordariomycetes,Pezizomycotina,Ascomycota,YES, P  E ,NO,NO,NO,NO,NO,NO,YES,NO,NO,NO,YES,NO,NO,NO,NO,NO,NO,NO,NO,NO,NO,NO,NO,NO,NO,NO,NO,YES,NO,NO,NO,NO,NO
Micbo1,Microdochium bolleyi J235TASD1 v1.0,Xylariales,Sordariomycetes,Pezizomycotina,Ascomycota,YES, E  S  O ,YES,NO,NO,NO,NO,NO,NO,YES,NO,NO,YES,NO,NO,NO,NO,NO,NO,NO,NO,NO,NO,NO,NO,NO,YES,NO,NO,NO,NO,YES,YES,NO,YES
Mychet1,Myceliophthora heterothallica CBS 202.75 v1.0,Sordariales,Sordariomycetes,Pezizomycotina,Ascomycota,NO, T  S ,YES,NO,NO,NO,NO,NO,NO,NO,NO,NO,NO,NO,NO,NO,NO,NO,NO,NO,YES,NO,NO,NO,NO,NO,NO,NO,NO,NO,NO,NO,NO,NO,NO
Corsim1,Myceliophthora similis CBS 632.67 v1.0,Sordariales,Sordariomycetes,Pezizomycotina,Ascomycota,NO, T  S ,YES,NO,NO,NO,NO,NO,NO,NO,NO,NO,NO,NO,NO,NO,NO,NO,NO,NO,YES,NO,NO,NO,NO,NO,NO,NO,NO,NO,NO,NO,NO,NO,NO
Spoth2,Myceliophthora thermophila (Sporotrichum thermophile) v2.0,Sordariales,Sordariomycetes,Pezizomycotina,Ascomycota,NO, T  S ,YES,NO,NO,NO,NO,NO,NO,NO,NO,NO,NO,NO,NO,NO,NO,NO,NO,NO,YES,NO,NO,NO,NO,NO,NO,NO,NO,NO,NO,NO,NO,NO,NO
Myrin1,Myrothecium inundatum CBS 120646 v1.0,Hypocreales,Sordariomycetes,Pezizomycotina,Ascomycota,NO, S ,YES,NO,NO,NO,NO,NO,NO,NO,NO,NO,NO,NO,NO,NO,NO,NO,NO,NO,NO,NO,NO,NO,NO,NO,NO,NO,NO,NO,NO,NO,NO,NO,NO
Necha2,Nectria haematococca v2.0,Hypocreales,Sordariomycetes,Pezizomycotina,Ascomycota,YES, S  N ,YES,YES,NO,NO,NO,NO,NO,NO,NO,NO,NO,NO,NO,NO,NO,NO,NO,NO,NO,NO,NO,NO,NO,NO,YES,NO,YES,YES,NO,YES,YES,YES,YES
Neora1,Neonectria radicicola MPI-CAGE-AT-0134 v1.0,Hypocreales,Sordariomycetes,Pezizomycotina,Ascomycota,YES, E  N ,NO,YES,NO,NO,NO,NO,NO,NO,NO,NO,YES,NO,NO,NO,NO,NO,NO,NO,NO,NO,NO,NO,NO,NO,YES,NO,NO,NO,NO,YES,YES,NO,YES
Neucr_trp3_1,Neurospora crassa FGSC 73 trp-3 v1.0,Sordariales,Sordariomycetes,Pezizomycotina,Ascomycota,NO, S  E ,YES,NO,NO,NO,NO,NO,NO,NO,NO,NO,YES,NO,NO,NO,NO,NO,NO,NO,NO,NO,NO,NO,NO,NO,NO,NO,NO,NO,NO,NO,NO,NO,NO
Neudi1,Neurospora discreta FGSC 8579 mat A,Sordariales,Sordariomycetes,Pezizomycotina,Ascomycota,NO, S  PY ,YES,NO,NO,NO,NO,NO,NO,NO,NO,NO,NO,NO,NO,NO,NO,NO,YES,NO,NO,NO,NO,NO,NO,NO,NO,NO,NO,NO,NO,NO,NO,NO,NO
Neuhi1,Neurospora hispaniola FGSC 10403 v1.0,Sordariales,Sordariomycetes,Pezizomycotina,Ascomycota,NO, S  PY ,YES,NO,NO,NO,NO,NO,NO,NO,NO,NO,NO,NO,NO,NO,NO,NO,YES,NO,NO,NO,NO,NO,NO,NO,NO,NO,NO,NO,NO,NO,NO,NO,NO
Neute_mat_a1,Neurospora tetrasperma FGSC 2509 mat a v1.0,Sordariales,Sordariomycetes,Pezizomycotina,Ascomycota,NO, S  PY ,YES,NO,NO,NO,NO,NO,NO,NO,NO,NO,NO,NO,NO,NO,NO,NO,YES,NO,NO,NO,NO,NO,NO,NO,NO,NO,NO,NO,NO,NO,NO,NO,NO
Nieex1,Niesslia exilis CBS 358.70 v1.0,Hypocreales,Sordariomycetes,Pezizomycotina,Ascomycota,NO, S ,YES,NO,NO,NO,NO,NO,NO,NO,NO,NO,NO,NO,NO,NO,NO,NO,NO,NO,NO,NO,NO,NO,NO,NO,NO,NO,NO,NO,NO,NO,NO,NO,NO
Ophnu1,Ophiostoma novo-ulmi subsp. novo-ulmi H327,Ophiostomatales,Sordariomycetes,Pezizomycotina,Ascomycota,YES, S  N ,YES,YES,NO,NO,NO,NO,NO,NO,NO,NO,NO,NO,NO,NO,NO,NO,NO,NO,NO,NO,NO,NO,NO,NO,YES,NO,NO,NO,NO,YES,YES,NO,NO
Ophpic1,Ophiostoma piceae UAMH 11346,Ophiostomatales,Sordariomycetes,Pezizomycotina,Ascomycota,NO, S ,YES,NO,NO,NO,NO,NO,NO,NO,NO,NO,NO,NO,NO,NO,NO,NO,NO,NO,NO,NO,NO,NO,NO,NO,NO,NO,NO,NO,NO,NO,NO,NO,NO
Ophpi1,Ophiostoma piliferum,Ophiostomatales,Sordariomycetes,Pezizomycotina,Ascomycota,NO, S ,YES,NO,NO,NO,NO,NO,NO,NO,NO,NO,NO,NO,NO,NO,NO,NO,NO,NO,NO,NO,NO,NO,NO,NO,NO,NO,NO,NO,NO,NO,NO,NO,NO
Phaal1,Phaeoacremonium aleophilum UCRPA7,Calosphaeriales,Sordariomycetes,Pezizomycotina,Ascomycota,YES, E  S  HB ,YES,NO,NO,NO,YES,NO,NO,NO,NO,NO,YES,NO,NO,NO,NO,NO,NO,NO,NO,NO,NO,NO,NO,NO,YES,NO,NO,NO,NO,YES,YES,NO,YES
PhaeoFL0889_1,Phaeoacremonium sp. FL0889 v1.0,Calosphaeriales,Sordariomycetes,Pezizomycotina,Ascomycota,NO, EL ,NO,NO,NO,NO,NO,NO,NO,NO,NO,NO,NO,NO,NO,NO,YES,NO,NO,NO,NO,NO,NO,NO,NO,NO,NO,NO,NO,NO,NO,NO,NO,NO,NO
Plecu1,Plectosphaerella cucumerina DS2psM2a2 v1.0,Glomerallales,Sordariomycetes,Pezizomycotina,Ascomycota,YES, E  N ,NO,YES,NO,NO,NO,NO,NO,NO,NO,NO,YES,NO,NO,NO,NO,NO,NO,NO,NO,NO,NO,NO,NO,NO,YES,NO,NO,YES,NO,YES,YES,YES,YES
Pocchl1,Pochonia chlamydosporia 170,Hypocreales,Sordariomycetes,Pezizomycotina,Ascomycota,YES, MP  P  S  E ,YES,NO,NO,NO,NO,YES,YES,NO,NO,NO,YES,NO,NO,NO,NO,NO,NO,NO,NO,NO,NO,NO,NO,NO,NO,YES,NO,YES,NO,NO,NO,NO,NO
Podan3,Podospora anserina S mat+,Sordariales,Sordariomycetes,Pezizomycotina,Ascomycota,NO, C  S ,YES,NO,NO,NO,NO,NO,NO,NO,NO,NO,NO,NO,NO,NO,NO,YES,NO,NO,NO,NO,NO,NO,NO,NO,NO,NO,NO,NO,NO,NO,NO,NO,NO
Podap1,Podospora appendiculata CBS 314.62 v1.0,Sordariales,Sordariomycetes,Pezizomycotina,Ascomycota,NO, C  S ,YES,NO,NO,NO,NO,NO,NO,NO,NO,NO,NO,NO,NO,NO,NO,YES,NO,NO,NO,NO,NO,NO,NO,NO,NO,NO,NO,NO,NO,NO,NO,NO,NO
Podcur1,Podospora curvicolla TEP21a v1.0,Sordariales,Sordariomycetes,Pezizomycotina,Ascomycota,NO, C  S ,YES,NO,NO,NO,NO,NO,NO,NO,NO,NO,NO,NO,NO,NO,NO,YES,NO,NO,NO,NO,NO,NO,NO,NO,NO,NO,NO,NO,NO,NO,NO,NO,NO
Poddi1,Podospora didyma CBS 232.78 v1.0,Sordariales,Sordariomycetes,Pezizomycotina,Ascomycota,NO, C  S ,YES,NO,NO,NO,NO,NO,NO,NO,NO,NO,NO,NO,NO,NO,NO,YES,NO,NO,NO,NO,NO,NO,NO,NO,NO,NO,NO,NO,NO,NO,NO,NO,NO
Pursp1,Purpureocillium sp. UdeA0106 v1.0,Hypocreales,Sordariomycetes,Pezizomycotina,Ascomycota,YES, S  P ,YES,NO,NO,NO,NO,NO,YES,NO,NO,NO,NO,NO,NO,NO,NO,NO,NO,NO,NO,NO,NO,NO,NO,NO,NO,NO,YES,YES,NO,NO,NO,NO,NO
Schves1,Schizothecium vesticola SMH3187-1 v1.0,Sordariales,Sordariomycetes,Pezizomycotina,Ascomycota,NO, C  S ,YES,NO,NO,NO,NO,NO,NO,NO,NO,NO,NO,NO,NO,NO,NO,YES,NO,NO,NO,NO,NO,NO,NO,NO,NO,NO,NO,NO,NO,NO,NO,NO,NO
Sodal1,Sodiomyces alkalinus v1.0,Glomerallales,Sordariomycetes,Pezizomycotina,Ascomycota,NO, S  AL ,YES,NO,NO,NO,NO,NO,NO,NO,NO,NO,NO,NO,NO,NO,NO,NO,NO,NO,NO,NO,YES,NO,NO,NO,NO,NO,NO,NO,NO,NO,NO,NO,NO
Sorbr1,Sordaria brevicollis FGSC1904 v1.0,Sordariales,Sordariomycetes,Pezizomycotina,Ascomycota,NO, C  S ,YES,NO,NO,NO,NO,NO,NO,NO,NO,NO,NO,NO,NO,NO,NO,YES,NO,NO,NO,NO,NO,NO,NO,NO,NO,NO,NO,NO,NO,NO,NO,NO,NO
Stael1,Stachybotrys elegans MPI-CAGE-CH-0235 v1.0,Hypocreales,Sordariomycetes,Pezizomycotina,Ascomycota,YES, MP  E ,NO,NO,NO,NO,NO,YES,NO,NO,NO,NO,YES,NO,NO,NO,NO,NO,NO,NO,NO,NO,NO,NO,NO,NO,NO,YES,NO,NO,NO,NO,NO,NO,NO
Thian1,Thielavia antarctica CBS 123565 v1.0,Sordariales,Sordariomycetes,Pezizomycotina,Ascomycota,NO, S  L ,YES,NO,NO,NO,NO,NO,NO,NO,NO,NO,NO,NO,YES,NO,NO,NO,NO,NO,NO,NO,NO,NO,NO,NO,NO,NO,NO,NO,NO,NO,NO,NO,NO
Thiar1,Thielavia arenaria CBS 508.74 v1.0,Sordariales,Sordariomycetes,Pezizomycotina,Ascomycota,NO, S  T ,YES,NO,NO,NO,NO,NO,NO,NO,NO,NO,NO,NO,NO,NO,NO,NO,NO,NO,YES,NO,NO,NO,NO,NO,NO,NO,NO,NO,NO,NO,NO,NO,NO
Thihy1,Thielavia hyrcaniae CBS 757.83 v1.0,Sordariales,Sordariomycetes,Pezizomycotina,Ascomycota,NO, S ,YES,NO,NO,NO,NO,NO,NO,NO,NO,NO,NO,NO,NO,NO,NO,NO,NO,NO,NO,NO,NO,NO,NO,NO,NO,NO,NO,NO,NO,NO,NO,NO,NO
Thite2,Thielavia terrestris v2.0,Sordariales,Sordariomycetes,Pezizomycotina,Ascomycota,NO, S  T ,YES,NO,NO,NO,NO,NO,NO,NO,NO,NO,NO,NO,NO,NO,NO,NO,NO,NO,YES,NO,NO,NO,NO,NO,NO,NO,NO,NO,NO,NO,NO,NO,NO
ThoPMI491_1,Thozetella sp. PMI_491 v2.0,Chaetosphaeriales,Sordariomycetes,Pezizomycotina,Ascomycota,NO, E ,NO,NO,NO,NO,NO,NO,NO,NO,NO,NO,YES,NO,NO,NO,NO,NO,NO,NO,NO,NO,NO,NO,NO,NO,NO,NO,NO,NO,NO,NO,NO,NO,NO
Tolinf1,Tolypocladium inflatum NRRL 8044,Hypocreales,Sordariomycetes,Pezizomycotina,Ascomycota,YES, S  P ,YES,NO,NO,NO,NO,NO,YES,NO,NO,NO,NO,NO,NO,NO,NO,NO,NO,NO,NO,NO,NO,NO,NO,NO,NO,NO,NO,YES,NO,NO,NO,NO,NO
Torra1,Torpedospora radiata JK5252C v1.0,Torpedosporales,Sordariomycetes,Pezizomycotina,Ascomycota,NO, S ,YES,NO,NO,NO,NO,NO,NO,NO,NO,NO,NO,NO,NO,NO,NO,NO,NO,NO,NO,NO,NO,NO,NO,NO,NO,NO,NO,NO,NO,NO,NO,NO,NO
Trias1,Trichoderma asperellum CBS 433.97 v1.0,Hypocreales,Sordariomycetes,Pezizomycotina,Ascomycota,YES, S  MP  B  N  E ,YES,YES,YES,NO,NO,YES,NO,NO,NO,NO,YES,NO,NO,NO,NO,NO,NO,NO,NO,NO,NO,NO,NO,NO,NO,YES,NO,YES,NO,NO,NO,NO,NO
Triatrob1,Trichoderma atrobrunneum ITEM 908,Hypocreales,Sordariomycetes,Pezizomycotina,Ascomycota,YES, S  MP  B  N  E ,YES,YES,YES,NO,NO,YES,NO,NO,NO,NO,YES,NO,NO,NO,NO,NO,NO,NO,NO,NO,NO,NO,NO,NO,NO,YES,NO,YES,NO,NO,NO,NO,NO
Triat2,Trichoderma atroviride v2.0,Hypocreales,Sordariomycetes,Pezizomycotina,Ascomycota,YES, S  MP  B  N  E ,YES,YES,YES,NO,NO,YES,NO,NO,NO,NO,YES,NO,NO,NO,NO,NO,NO,NO,NO,NO,NO,NO,NO,NO,NO,YES,NO,NO,NO,NO,NO,NO,NO
Trici4,Trichoderma citrinoviride TUCIM 6016 v4.0,Hypocreales,Sordariomycetes,Pezizomycotina,Ascomycota,YES, S  MP  B  N  E  O ,YES,YES,YES,NO,NO,YES,NO,YES,NO,NO,YES,NO,NO,NO,NO,NO,NO,NO,NO,NO,NO,NO,NO,NO,NO,YES,YES,NO,NO,NO,NO,NO,NO
Trigam1,Trichoderma gamsii T6085,Hypocreales,Sordariomycetes,Pezizomycotina,Ascomycota,YES, MP  E ,NO,NO,NO,NO,NO,YES,NO,NO,NO,NO,YES,NO,NO,NO,NO,NO,NO,NO,NO,NO,NO,NO,NO,NO,NO,YES,NO,NO,NO,NO,NO,NO,NO
Triha1,Trichoderma harzianum CBS 226.95 v1.0,Hypocreales,Sordariomycetes,Pezizomycotina,Ascomycota,YES, S  MP  B  N  E  O ,YES,YES,YES,NO,NO,YES,NO,YES,NO,NO,YES,NO,NO,NO,NO,NO,NO,NO,NO,NO,NO,NO,NO,NO,NO,YES,NO,NO,NO,NO,NO,NO,NO
Trilo3,Trichoderma longibrachiatum ATCC 18648 v3.0,Hypocreales,Sordariomycetes,Pezizomycotina,Ascomycota,YES, S  MP  N  O ,YES,YES,NO,NO,NO,YES,NO,YES,NO,NO,NO,NO,NO,NO,NO,NO,NO,NO,NO,NO,NO,NO,NO,NO,NO,YES,YES,YES,NO,NO,NO,NO,NO
TrireRUTC30_1,Trichoderma reesei RUT C-30 v1.0,Hypocreales,Sordariomycetes,Pezizomycotina,Ascomycota,NO, S ,YES,NO,NO,NO,NO,NO,NO,NO,NO,NO,NO,NO,NO,NO,NO,NO,NO,NO,NO,NO,NO,NO,NO,NO,NO,NO,NO,NO,NO,NO,NO,NO,NO
TriviGv29_8_2,Trichoderma virens Gv29-8 v2.0,Hypocreales,Sordariomycetes,Pezizomycotina,Ascomycota,YES, S  MP  N  E  HY ,YES,YES,NO,NO,NO,YES,NO,NO,NO,NO,YES,NO,NO,NO,NO,NO,NO,NO,NO,NO,NO,YES,NO,NO,NO,YES,NO,NO,NO,NO,NO,NO,NO
Truan1,Truncatella angustata MPI-SDFR-AT-0073 v1.0,Xylariales,Sordariomycetes,Pezizomycotina,Ascomycota,YES, E  O  N? ,NO,NO,NO,NO,NO,NO,NO,YES,NO,NO,YES,NO,NO,NO,NO,NO,NO,NO,NO,NO,NO,NO,NO,NO,YES,NO,YES,NO,NO,YES,YES,YES,NO
Ustvir1,Ustilaginoidea virens,Hypocreales,Sordariomycetes,Pezizomycotina,Ascomycota,YES, B ,NO,NO,YES,NO,NO,NO,NO,NO,NO,NO,NO,NO,NO,NO,NO,NO,NO,NO,NO,NO,NO,NO,NO,NO,YES,NO,NO,NO,NO,YES,YES,YES,NO
Valla1,Valetoniellopsis laxa CBS 191.97 v1.0,Hypocreales,Sordariomycetes,Pezizomycotina,Ascomycota,NO, S ,YES,NO,NO,NO,NO,NO,NO,NO,NO,NO,NO,NO,NO,NO,NO,NO,NO,NO,NO,NO,NO,NO,NO,NO,NO,NO,NO,NO,NO,NO,NO,NO,NO
Veral1,Verticillium alfalfae VaMs.102,Glomerallales,Sordariomycetes,Pezizomycotina,Ascomycota,YES, S  HB  P ,YES,NO,NO,NO,YES,NO,YES,NO,NO,NO,NO,NO,NO,NO,NO,NO,NO,NO,NO,NO,NO,NO,NO,NO,YES,NO,NO,YES,NO,YES,YES,NO,YES
Verda1,Verticillium dahliae v1.0,Glomerallales,Sordariomycetes,Pezizomycotina,Ascomycota,YES, S  HB ,YES,NO,NO,NO,YES,NO,NO,NO,NO,NO,NO,NO,NO,NO,NO,NO,NO,NO,NO,NO,NO,NO,NO,NO,YES,NO,NO,NO,NO,YES,YES,NO,YES
Xylhyp1,Xylaria hypoxylon OSC100004 v1.0,Xylariales,Sordariomycetes,Pezizomycotina,Ascomycota,NO, S ,YES,NO,NO,NO,NO,NO,NO,NO,NO,NO,NO,NO,NO,NO,NO,NO,NO,NO,NO,NO,NO,NO,NO,NO,NO,NO,NO,NO,NO,NO,NO,NO,NO
XylPMI506,Xylariales sp. PMI_506 v1.0,Xylariales,Sordariomycetes,Pezizomycotina,Ascomycota,NO, E ,NO,NO,NO,NO,NO,NO,NO,NO,NO,NO,YES,NO,NO,NO,NO,NO,NO,NO,NO,NO,NO,NO,NO,NO,NO,NO,NO,NO,NO,NO,NO,NO,NO
Acema1,Acephala macrosclerotiorum EW76-UTF0540 v1.0,Helotiales,Leotiomycetes,Pezizomycotina,Ascomycota,NO, ECM ,NO,NO,NO,NO,NO,NO,NO,NO,YES,NO,NO,NO,NO,NO,NO,NO,NO,NO,NO,NO,NO,NO,NO,NO,NO,NO,NO,NO,NO,NO,NO,NO,NO
Amore1,Amorphotheca resinae v1.0,Incertae sedis,Leotiomycetes,Pezizomycotina,Ascomycota,YES, S  O  ,YES,NO,NO,NO,NO,NO,NO,YES,NO,NO,NO,NO,NO,NO,NO,NO,NO,NO,NO,NO,NO,NO,NO,NO,NO,NO,YES,NO,NO,NO,NO,NO,NO
Ascsa1,Ascocoryne sarcoides NRRL50072,Helotiales,Leotiomycetes,Pezizomycotina,Ascomycota,NO, E ,NO,NO,NO,NO,NO,NO,NO,NO,NO,NO,YES,NO,NO,NO,NO,NO,NO,NO,NO,NO,NO,NO,NO,NO,NO,NO,NO,NO,NO,NO,NO,NO,NO
Bissp1,Bisporella sp. PMI_857 v1.0,Helotiales,Leotiomycetes,Pezizomycotina,Ascomycota,NO, S  E ,YES,NO,NO,NO,NO,NO,NO,NO,NO,NO,YES,NO,NO,NO,NO,NO,NO,NO,NO,NO,NO,NO,NO,NO,NO,NO,NO,NO,NO,NO,NO,NO,NO
Blugr2,Blumeria graminis f. sp. hordei DH14,Erysiphales,Leotiomycetes,Pezizomycotina,Ascomycota,YES, OB ,NO,NO,NO,YES,NO,NO,NO,NO,NO,NO,NO,NO,NO,NO,NO,NO,NO,NO,NO,NO,NO,NO,NO,NO,YES,NO,NO,NO,NO,YES,YES,YES,NO
Blugra1,Blumeria graminis f. sp. tritici 96224,Erysiphales,Leotiomycetes,Pezizomycotina,Ascomycota,YES, OB ,NO,NO,NO,YES,NO,NO,NO,NO,NO,NO,NO,NO,NO,NO,NO,NO,NO,NO,NO,NO,NO,NO,NO,NO,YES,NO,NO,NO,NO,YES,YES,YES,NO
Botci1,Botrytis cinerea v1.0,Helotiales,Leotiomycetes,Pezizomycotina,Ascomycota,YES, N ,NO,YES,NO,NO,NO,NO,NO,NO,NO,NO,NO,NO,NO,NO,NO,NO,NO,NO,NO,NO,NO,NO,NO,NO,YES,NO,NO,NO,NO,YES,YES,YES,NO
Bulin1,Bulgaria inquinans CBS118.31 v1.0,Leotiales,Leotiomycetes,Pezizomycotina,Ascomycota,NO, S ,YES,NO,NO,NO,NO,NO,NO,NO,NO,NO,NO,NO,NO,NO,NO,NO,NO,NO,NO,NO,NO,NO,NO,NO,NO,NO,NO,NO,NO,NO,NO,NO,NO
Cadsp1,Cadophora sp. DSE1049 v1.0,Helotiales,Leotiomycetes,Pezizomycotina,Ascomycota,NO, E ,NO,NO,NO,NO,NO,NO,NO,NO,NO,NO,YES,NO,NO,NO,NO,NO,NO,NO,NO,NO,NO,NO,NO,NO,NO,NO,NO,NO,NO,NO,NO,NO,NO
Chalo1,Chalara longipes BDJ v1.0,Helotiales,Leotiomycetes,Pezizomycotina,Ascomycota,NO, S  E ,YES,NO,NO,NO,NO,NO,NO,NO,NO,NO,YES,NO,NO,NO,NO,NO,NO,NO,NO,NO,NO,NO,NO,NO,NO,NO,NO,NO,NO,NO,NO,NO,NO
Erynec1,Erysiphe necator c,Erysiphales,Leotiomycetes,Pezizomycotina,Ascomycota,YES, OB ,NO,NO,NO,YES,NO,NO,NO,NO,NO,NO,NO,NO,NO,NO,NO,NO,NO,NO,NO,NO,NO,NO,NO,NO,YES,NO,NO,NO,NO,YES,NO,YES,NO
Golci1,Golovinomyces cichoracearum UCSC1 v1.0,Erysiphales,Leotiomycetes,Pezizomycotina,Ascomycota,YES, OB ,NO,NO,NO,YES,NO,NO,NO,NO,NO,NO,NO,NO,NO,NO,NO,NO,NO,NO,NO,NO,NO,NO,NO,NO,YES,NO,NO,NO,NO,YES,YES,YES,NO
Hymvar1,Hymenoscyphus varicosporoides PMI_453 v1.0,Helotiales,Leotiomycetes,Pezizomycotina,Ascomycota,NO, S  E ,YES,NO,NO,NO,NO,NO,NO,NO,NO,NO,YES,NO,NO,NO,NO,NO,NO,NO,NO,NO,NO,NO,NO,NO,NO,NO,NO,NO,NO,NO,NO,NO,NO
Lepor2,Leptodontidium orchidicola MPI-SDFR-AT-0119 v2.0,Helotiales,Leotiomycetes,Pezizomycotina,Ascomycota,NO, E ,NO,NO,NO,NO,NO,NO,NO,NO,NO,NO,YES,NO,NO,NO,NO,NO,NO,NO,NO,NO,NO,NO,NO,NO,NO,NO,NO,NO,NO,NO,NO,NO,NO
Leptod1,Leptodontium sp. PMI_412 v1.0,Helotiales,Leotiomycetes,Pezizomycotina,Ascomycota,NO, E ,NO,NO,NO,NO,NO,NO,NO,NO,NO,NO,YES,NO,NO,NO,NO,NO,NO,NO,NO,NO,NO,NO,NO,NO,NO,NO,NO,NO,NO,NO,NO,NO,NO
Lopnit1_1,Lophodermium nitens PLMe3-1-3 v1.0,Rhytismatales,Leotiomycetes,Pezizomycotina,Ascomycota,NO, E ,NO,NO,NO,NO,NO,NO,NO,NO,NO,NO,YES,NO,NO,NO,NO,NO,NO,NO,NO,NO,NO,NO,NO,NO,NO,NO,NO,NO,NO,NO,NO,NO,NO
Lorju1,Loramyces juncicola 46458 v1.0,Helotiales,Leotiomycetes,Pezizomycotina,Ascomycota,NO, S ,YES,NO,NO,NO,NO,NO,NO,NO,NO,NO,NO,NO,NO,NO,NO,NO,NO,NO,NO,NO,NO,NO,NO,NO,NO,NO,NO,NO,NO,NO,NO,NO,NO
Lorma1,Loramyces macrosporus CBS235.53 v1.0,Helotiales,Leotiomycetes,Pezizomycotina,Ascomycota,NO, S ,YES,NO,NO,NO,NO,NO,NO,NO,NO,NO,NO,NO,NO,NO,NO,NO,NO,NO,NO,NO,NO,NO,NO,NO,NO,NO,NO,NO,NO,NO,NO,NO,NO
Melbi2,Meliniomyces bicolor E v2.0,Helotiales,Leotiomycetes,Pezizomycotina,Ascomycota,NO, ECM  ENM  S ,YES,NO,NO,NO,NO,NO,NO,NO,YES,YES,NO,NO,NO,NO,NO,NO,NO,NO,NO,NO,NO,NO,NO,NO,NO,NO,NO,NO,NO,NO,NO,NO,NO
Melva1,Meliniomyces variabilis F v1.0,Helotiales,Leotiomycetes,Pezizomycotina,Ascomycota,NO, E  ENM  S ,YES,NO,NO,NO,NO,NO,NO,NO,NO,YES,YES,NO,NO,NO,NO,NO,NO,NO,NO,NO,NO,NO,NO,NO,NO,NO,NO,NO,NO,NO,NO,NO,NO
Oidma1,Oidiodendron maius Zn v1.0,Helotiales,Leotiomycetes,Pezizomycotina,Ascomycota,NO, E  ENM  S ,YES,NO,NO,NO,NO,NO,NO,NO,NO,YES,YES,NO,NO,NO,NO,NO,NO,NO,NO,NO,NO,NO,NO,NO,NO,NO,NO,NO,NO,NO,NO,NO,NO
Phisc1,Phialocephala scopiformis 5WS22E1 v1.0,Helotiales,Leotiomycetes,Pezizomycotina,Ascomycota,NO, E ,NO,NO,NO,NO,NO,NO,NO,NO,NO,NO,YES,NO,NO,NO,NO,NO,NO,NO,NO,NO,NO,NO,NO,NO,NO,NO,NO,NO,NO,NO,NO,NO,NO
Pseudest1,Pseudogymnoascus destructans 20631-21,Incertae sedis,Leotiomycetes,Pezizomycotina,Ascomycota,YES, P  S ,YES,NO,NO,NO,NO,NO,YES,NO,NO,NO,NO,NO,NO,NO,NO,NO,NO,NO,NO,NO,NO,NO,NO,NO,NO,NO,YES,NO,NO,NO,NO,NO,NO
Rhier1,Rhizoscyphus ericae UAMH 7357 v1.0,Helotiales,Leotiomycetes,Pezizomycotina,Ascomycota,NO, ENM  S ,YES,NO,NO,NO,NO,NO,NO,NO,NO,YES,NO,NO,NO,NO,NO,NO,NO,NO,NO,NO,NO,NO,NO,NO,NO,NO,NO,NO,NO,NO,NO,NO,NO
Sclsc1,Sclerotinia sclerotiorum v1.0,Helotiales,Leotiomycetes,Pezizomycotina,Ascomycota,YES, N ,NO,YES,NO,NO,NO,NO,NO,NO,NO,NO,NO,NO,NO,NO,NO,NO,NO,NO,NO,NO,NO,NO,NO,NO,YES,NO,NO,NO,NO,YES,YES,YES,YES
Spafl1,Spathularia flavida,Rhytismatales,Leotiomycetes,Pezizomycotina,Ascomycota,NO, S ,YES,NO,NO,NO,NO,NO,NO,NO,NO,NO,NO,NO,NO,NO,NO,NO,NO,NO,NO,NO,NO,NO,NO,NO,NO,NO,NO,NO,NO,NO,NO,NO,NO
Themi1,Thelebolus microsporus ATCC 90970 v1.0,Thelebolales,Leotiomycetes,Pezizomycotina,Ascomycota,NO, C  S ,YES,NO,NO,NO,NO,NO,NO,NO,NO,NO,NO,NO,NO,NO,NO,YES,NO,NO,NO,NO,NO,NO,NO,NO,NO,NO,NO,NO,NO,NO,NO,NO,NO
Thest1,Thelebolus stercoreus,Thelebolales,Leotiomycetes,Pezizomycotina,Ascomycota,NO, C  S ,YES,NO,NO,NO,NO,NO,NO,NO,NO,NO,NO,NO,NO,NO,NO,YES,NO,NO,NO,NO,NO,NO,NO,NO,NO,NO,NO,NO,NO,NO,NO,NO,NO
Ascim1,Ascobolus immersus RN42 v1.0,Pezizales,Pezizomycetes,Pezizomycotina,Ascomycota,NO, C  S ,YES,NO,NO,NO,NO,NO,NO,NO,NO,NO,NO,NO,NO,NO,NO,YES,NO,NO,NO,NO,NO,NO,NO,NO,NO,NO,NO,NO,NO,NO,NO,NO,NO
Ascni1,Ascodesmis nigricans CBS 389.68 v1.0,Pezizales,Pezizomycetes,Pezizomycotina,Ascomycota,NO, C  S ,YES,NO,NO,NO,NO,NO,NO,NO,NO,NO,NO,NO,NO,NO,NO,YES,NO,NO,NO,NO,NO,NO,NO,NO,NO,NO,NO,NO,NO,NO,NO,NO,NO
Calful1,Caloscypha fulgens ATCC 42695 v1.0,Pezizales,Pezizomycetes,Pezizomycotina,Ascomycota,YES, S  UNKNOWN ,YES,NO,NO,NO,NO,NO,NO,NO,NO,NO,NO,NO,NO,NO,NO,NO,NO,NO,NO,NO,NO,NO,NO,NO,YES,NO,NO,NO,YES,NO,NO,NO,NO
Chove1,Choiromyces venosus 120613-1 v1.0,Pezizales,Pezizomycetes,Pezizomycotina,Ascomycota,NO, ECM ,NO,NO,NO,NO,NO,NO,NO,NO,YES,NO,NO,NO,NO,NO,NO,NO,NO,NO,NO,NO,NO,NO,NO,NO,NO,NO,NO,NO,NO,NO,NO,NO,NO
Geocar1,Geopyxis carbonaria DOB1671 v1.0,Pezizales,Pezizomycetes,Pezizomycotina,Ascomycota,NO, S  ECM  PY ,YES,NO,NO,NO,NO,NO,NO,NO,YES,NO,NO,NO,NO,NO,NO,NO,YES,NO,NO,NO,NO,NO,NO,NO,NO,NO,NO,NO,NO,NO,NO,NO,NO
Kalpfe1,Kalaharituber pfeilii F3 v1.0,Pezizales,Pezizomycetes,Pezizomycotina,Ascomycota,NO, ECM ,NO,NO,NO,NO,NO,NO,NO,NO,YES,NO,NO,NO,NO,NO,NO,NO,NO,NO,NO,NO,NO,NO,NO,NO,NO,NO,NO,NO,NO,NO,NO,NO,NO
Morco1,Morchella importuna CCBAS932 v1.0,Pezizales,Pezizomycetes,Pezizomycotina,Ascomycota,NO, S  PY ,YES,NO,NO,NO,NO,NO,NO,NO,NO,NO,NO,NO,NO,NO,NO,NO,YES,NO,NO,NO,NO,NO,NO,NO,NO,NO,NO,NO,NO,NO,NO,NO,NO
Pezech1,Peziza echinospora DOB1120 v1.0,Pezizales,Pezizomycetes,Pezizomycotina,Ascomycota,NO, S  PY ,YES,NO,NO,NO,NO,NO,NO,NO,NO,NO,NO,NO,NO,NO,NO,NO,YES,NO,NO,NO,NO,NO,NO,NO,NO,NO,NO,NO,NO,NO,NO,NO,NO
Plemel1,Plectania melastoma CBS 918.72 v1.0,Pezizales,Pezizomycetes,Pezizomycotina,Ascomycota,NO, S ,YES,NO,NO,NO,NO,NO,NO,NO,NO,NO,NO,NO,NO,NO,NO,NO,NO,NO,NO,NO,NO,NO,NO,NO,NO,NO,NO,NO,NO,NO,NO,NO,NO
Pyrco1,Pyronema confluens CBS100304,Pezizales,Pezizomycetes,Pezizomycotina,Ascomycota,NO, S  PY ,YES,NO,NO,NO,NO,NO,NO,NO,NO,NO,NO,NO,NO,NO,NO,NO,YES,NO,NO,NO,NO,NO,NO,NO,NO,NO,NO,NO,NO,NO,NO,NO,NO
Sarco1,Sarcoscypha coccinea ATCC 58028 v1.0,Pezizales,Pezizomycetes,Pezizomycotina,Ascomycota,NO, S ,YES,NO,NO,NO,NO,NO,NO,NO,NO,NO,NO,NO,NO,NO,NO,NO,NO,NO,NO,NO,NO,NO,NO,NO,NO,NO,NO,NO,NO,NO,NO,NO,NO
Terbo2,Terfezia boudieri ATCC MYA-4762 v1.1,Pezizales,Pezizomycetes,Pezizomycotina,Ascomycota,NO, ECM  ENM ,NO,NO,NO,NO,NO,NO,NO,NO,YES,YES,NO,NO,NO,NO,NO,NO,NO,NO,NO,NO,NO,NO,NO,NO,NO,NO,NO,NO,NO,NO,NO,NO,NO
Tercla1,Terfezia claveryi T7 v1.0,Pezizales,Pezizomycetes,Pezizomycotina,Ascomycota,NO, ECM  ENM ,NO,NO,NO,NO,NO,NO,NO,NO,YES,YES,NO,NO,NO,NO,NO,NO,NO,NO,NO,NO,NO,NO,NO,NO,NO,NO,NO,NO,NO,NO,NO,NO,NO
Tripra1,Tricharina praecox DOB2270 v1.0,Pezizales,Pezizomycetes,Pezizomycotina,Ascomycota,NO, S  PY ,YES,NO,NO,NO,NO,NO,NO,NO,NO,NO,NO,NO,NO,NO,NO,NO,YES,NO,NO,NO,NO,NO,NO,NO,NO,NO,NO,NO,NO,NO,NO,NO,NO
Trihyb1,Trichophaea hybrida UTF0779 v1.0,Pezizales,Pezizomycetes,Pezizomycotina,Ascomycota,NO, ECM ,NO,NO,NO,NO,NO,NO,NO,NO,YES,NO,NO,NO,NO,NO,NO,NO,NO,NO,NO,NO,NO,NO,NO,NO,NO,NO,NO,NO,NO,NO,NO,NO,NO
Tubae1,Tuber aestivum var. urcinatum v1.0,Pezizales,Pezizomycetes,Pezizomycotina,Ascomycota,NO, ECM  ENM ,NO,NO,NO,NO,NO,NO,NO,NO,YES,YES,NO,NO,NO,NO,NO,NO,NO,NO,NO,NO,NO,NO,NO,NO,NO,NO,NO,NO,NO,NO,NO,NO,NO
Tubbor1,Tuber borchii Tbo3840 v1.0,Pezizales,Pezizomycetes,Pezizomycotina,Ascomycota,NO, ECM ,NO,NO,NO,NO,NO,NO,NO,NO,YES,NO,NO,NO,NO,NO,NO,NO,NO,NO,NO,NO,NO,NO,NO,NO,NO,NO,NO,NO,NO,NO,NO,NO,NO
Tubma1,Tuber magnatum v1.0,Pezizales,Pezizomycetes,Pezizomycotina,Ascomycota,NO, ECM ,NO,NO,NO,NO,NO,NO,NO,NO,YES,NO,NO,NO,NO,NO,NO,NO,NO,NO,NO,NO,NO,NO,NO,NO,NO,NO,NO,NO,NO,NO,NO,NO,NO
Tubme1v2,Tuber melanosporum Mel28 v1.2,Pezizales,Pezizomycetes,Pezizomycotina,Ascomycota,NO, ECM ,NO,NO,NO,NO,NO,NO,NO,NO,YES,NO,NO,NO,NO,NO,NO,NO,NO,NO,NO,NO,NO,NO,NO,NO,NO,NO,NO,NO,NO,NO,NO,NO,NO
Wilmi1,Wilcoxina mikolae CBS 423.85 v1.0,Pezizales,Pezizomycetes,Pezizomycotina,Ascomycota,NO, ECM ,NO,NO,NO,NO,NO,NO,NO,NO,YES,NO,NO,NO,NO,NO,NO,NO,NO,NO,NO,NO,NO,NO,NO,NO,NO,NO,NO,NO,NO,NO,NO,NO,NO
Atrsp2,Atractiellales rhizophila v2.0,Atractiellales,Atractiellomycetes,Pucciniomycotina,Basidiomycota,NO, E ,NO,NO,NO,NO,NO,NO,NO,NO,NO,NO,YES,NO,NO,NO,NO,NO,NO,NO,NO,NO,NO,NO,NO,NO,NO,NO,NO,NO,NO,NO,NO,NO,NO
Chiap1,Chionosphaera apobasidialis 52639 v1.0,Agaricostilbales,Agaricostilbomycetes,Pucciniomycotina,Basidiomycota,YES, L  S?  MP? ,NO,NO,NO,NO,NO,NO,NO,NO,NO,NO,NO,NO,YES,NO,NO,NO,NO,NO,NO,NO,NO,NO,NO,NO,NO,UNKNOWN,NO,NO,NO,NO,NO,NO,NO
Chicu1,Chionosphaera cuniculicola CBS10063  v1.0,Agaricostilbales,Agaricostilbomycetes,Pucciniomycotina,Basidiomycota,UNKNOWN, S ,YES,NO,NO,NO,NO,NO,NO,NO,NO,NO,NO,NO,NO,NO,NO,NO,NO,NO,NO,NO,NO,NO,NO,NO,NO,UNKNOWN,NO,NO,NO,NO,NO,NO,NO
Croqu1,Cronartium quercuum f. sp. fusiforme G11 v1.0,Pucciniales,Pucciniomycetes,Pucciniomycotina,Basidiomycota,YES, OB ,NO,NO,NO,YES,NO,NO,NO,NO,NO,NO,NO,NO,NO,NO,NO,NO,NO,NO,NO,NO,NO,NO,NO,NO,YES,NO,NO,NO,YES,YES,YES,YES,NO
Hetpy1,Heterogastridium pycnidioideum ATCC MYA-4631 v1.0,Heterogastridiales,Microbotryomycetes,Pucciniomycotina,Basidiomycota,YES, MP ,NO,NO,NO,NO,NO,YES,NO,NO,NO,NO,NO,NO,NO,NO,NO,NO,NO,NO,NO,NO,NO,NO,NO,NO,NO,YES,NO,NO,NO,NO,NO,NO,NO
Leucr1,Leucosporidiella creatinivora 62-1032 v1.0,Leucosporidiales,Microbotryomycetes,Pucciniomycotina,Basidiomycota,UNKNOWN, S  MP?  ,YES,NO,NO,NO,NO,NO,NO,NO,NO,NO,NO,NO,NO,NO,NO,NO,NO,NO,NO,NO,NO,NO,NO,NO,NO,UNKNOWN,NO,NO,NO,NO,NO,NO,NO
Melap1finSC_191,Melampsora allii-populina 12AY07 v1.0,Pucciniales,Pucciniomycetes,Pucciniomycotina,Basidiomycota,YES, OB ,NO,NO,NO,YES,NO,NO,NO,NO,NO,NO,NO,NO,NO,NO,NO,NO,NO,NO,NO,NO,NO,NO,NO,NO,YES,NO,NO,NO,NO,YES,NO,YES,NO
Mellp2_3,Melampsora larici-populina v2.0,Pucciniales,Pucciniomycetes,Pucciniomycotina,Basidiomycota,YES, OB ,NO,NO,NO,YES,NO,NO,NO,NO,NO,NO,NO,NO,NO,NO,NO,NO,NO,NO,NO,NO,NO,NO,NO,NO,YES,NO,NO,NO,YES,YES,NO,YES,NO
Melli1,Melampsora lini CH5,Pucciniales,Pucciniomycetes,Pucciniomycotina,Basidiomycota,YES, OB ,NO,NO,NO,YES,NO,NO,NO,NO,NO,NO,NO,NO,NO,NO,NO,NO,NO,NO,NO,NO,NO,NO,NO,NO,YES,NO,NO,NO,NO,YES,YES,YES,NO
Micld1,Microbotryum lychnidis-dioicae p1A1 Lamole,Microbotryales,Microbotryomycetes,Pucciniomycotina,Basidiomycota,YES, B  S ,YES,NO,YES,NO,NO,NO,NO,NO,NO,NO,NO,NO,NO,NO,NO,NO,NO,NO,NO,NO,NO,NO,NO,NO,YES,NO,NO,NO,NO,YES,YES,YES,NO
Micvi1,Microbotryum violaceum p1A1 Lamole v1.0,Microbotryales,Microbotryomycetes,Pucciniomycotina,Basidiomycota,YES, B  S ,YES,NO,YES,NO,NO,NO,NO,NO,NO,NO,NO,NO,NO,NO,NO,NO,NO,NO,NO,NO,NO,NO,NO,NO,YES,NO,NO,NO,NO,YES,YES,YES,NO
Naifl1,Naiadella fluitans ATCC 64713 v1.0,Classiculales,Classiculomycetes,Pucciniomycotina,Basidiomycota,YES, MP ,NO,NO,NO,NO,NO,YES,NO,NO,NO,NO,NO,NO,NO,NO,NO,NO,NO,NO,NO,NO,NO,NO,NO,NO,NO,YES,NO,NO,NO,NO,NO,NO,NO
Naose1,Naohidea sebacea CBS 8477 (P95) v1.0,Naohideales,Cystobasidiomycetes,Pucciniomycotina,Basidiomycota,YES, MP ,NO,NO,NO,NO,NO,YES,NO,NO,NO,NO,NO,NO,NO,NO,NO,NO,NO,NO,NO,NO,NO,NO,NO,NO,NO,YES,NO,NO,NO,NO,NO,NO,NO
PuccoNC29_1,Puccinia coronata avenae 12NC29,Pucciniales,Pucciniomycetes,Pucciniomycotina,Basidiomycota,YES, OB ,NO,NO,NO,YES,NO,NO,NO,NO,NO,NO,NO,NO,NO,NO,NO,NO,NO,NO,NO,NO,NO,NO,NO,NO,YES,NO,NO,NO,NO,YES,YES,YES,NO
Pucgr2,Puccinia graminis f. sp. tritici v2.0,Pucciniales,Pucciniomycetes,Pucciniomycotina,Basidiomycota,YES, OB ,NO,NO,NO,YES,NO,NO,NO,NO,NO,NO,NO,NO,NO,NO,NO,NO,NO,NO,NO,NO,NO,NO,NO,NO,YES,NO,NO,NO,NO,YES,YES,YES,NO
Pucstr1,Puccinia striiformis f. sp. tritici 104 E137 A-,Pucciniales,Pucciniomycetes,Pucciniomycotina,Basidiomycota,YES, OB  ,NO,NO,NO,YES,NO,NO,NO,NO,NO,NO,NO,NO,NO,NO,NO,NO,NO,NO,NO,NO,NO,NO,NO,NO,YES,NO,NO,NO,NO,YES,YES,YES,NO
Puctr1,Puccinia triticina 1-1 BBBD Race 1,Pucciniales,Pucciniomycetes,Pucciniomycotina,Basidiomycota,YES, OB ,NO,NO,NO,YES,NO,NO,NO,NO,NO,NO,NO,NO,NO,NO,NO,NO,NO,NO,NO,NO,NO,NO,NO,NO,YES,NO,NO,NO,NO,YES,NO,YES,NO
Rhoto_IFO0559_1,Rhodosporidium toruloides IFO0559_1,Sporidiobolales,Microbotryomycetes,Pucciniomycotina,Basidiomycota,NO, S ,YES,NO,NO,NO,NO,NO,NO,NO,NO,NO,NO,NO,NO,NO,NO,NO,NO,NO,NO,NO,NO,NO,NO,NO,NO,NO,NO,NO,NO,NO,NO,NO,NO
Rhoglu1,Rhodotorula glutinis v1.0,Sporidiobolales,Microbotryomycetes,Pucciniomycotina,Basidiomycota,YES, S  EP  O ,YES,NO,NO,NO,NO,NO,NO,YES,NO,NO,NO,YES,NO,NO,NO,NO,NO,NO,NO,NO,NO,NO,NO,NO,NO,NO,YES,NO,NO,NO,NO,NO,NO
Rhoba1_1,Rhodotorula graminis strain WP1 v1.1,Sporidiobolales,Microbotryomycetes,Pucciniomycotina,Basidiomycota,NO, E ,NO,NO,NO,NO,NO,NO,NO,NO,NO,NO,YES,NO,NO,NO,NO,NO,NO,NO,NO,NO,NO,NO,NO,NO,NO,NO,NO,NO,NO,NO,NO,NO,NO
Rhomi1,Rhodotorula minuta MCA 4210 v1.0,Erythrobasidiales,Cystobasidiomycetes,Pucciniomycotina,Basidiomycota,YES, S  O ,YES,NO,NO,NO,NO,NO,NO,YES,NO,NO,NO,NO,NO,NO,NO,NO,NO,NO,NO,NO,NO,NO,NO,NO,NO,NO,YES,NO,NO,NO,NO,NO,NO
Rhomuc1,Rhodotorula mucilaginosa ATCC58901 v1.0,Sporidiobolales,Microbotryomycetes,Pucciniomycotina,Basidiomycota,YES, S  E  O ,YES,NO,NO,NO,NO,NO,NO,YES,NO,NO,YES,NO,NO,NO,NO,NO,NO,NO,NO,NO,NO,NO,NO,NO,NO,NO,YES,NO,NO,NO,NO,NO,NO
Sporo1,Sporobolomyces roseus v1.0,Sporidiobolales,Microbotryomycetes,Pucciniomycotina,Basidiomycota,NO, S ,YES,NO,NO,NO,NO,NO,NO,NO,NO,NO,NO,NO,NO,NO,NO,NO,NO,NO,NO,NO,NO,NO,NO,NO,NO,NO,NO,NO,NO,NO,NO,NO,NO
Abobi1,Abortiporus biennis CCBS 521 v1.0,Polyporales,Agaricomycetes,Agaricomycotina,Basidiomycota,NO, S  WR ,YES,NO,NO,NO,NO,NO,NO,NO,NO,NO,NO,NO,NO,NO,NO,NO,NO,NO,NO,NO,NO,NO,NO,YES,NO,NO,NO,NO,NO,NO,NO,NO,NO
Agabi_varbisH97_2,Agaricus bisporus var bisporus (H97) v2.0,Agaricales,Agaricomycetes,Agaricomycotina,Basidiomycota,NO, S ,YES,NO,NO,NO,NO,NO,NO,NO,NO,NO,NO,NO,NO,NO,NO,NO,NO,NO,NO,NO,NO,NO,NO,NO,NO,NO,NO,NO,NO,NO,NO,NO,NO
Agabi_varbur_1,Agaricus bisporus var. burnettii JB137-S8,Agaricales,Agaricomycetes,Agaricomycotina,Basidiomycota,NO, S ,YES,NO,NO,NO,NO,NO,NO,NO,NO,NO,NO,NO,NO,NO,NO,NO,NO,NO,NO,NO,NO,NO,NO,NO,NO,NO,NO,NO,NO,NO,NO,NO,NO
Agrped1,Agrocybe pediades AH 40210 v1.0,Agaricales,Agaricomycetes,Agaricomycotina,Basidiomycota,NO, S ,YES,NO,NO,NO,NO,NO,NO,NO,NO,NO,NO,NO,NO,NO,NO,NO,NO,NO,NO,NO,NO,NO,NO,NO,NO,NO,NO,NO,NO,NO,NO,NO,NO
Agrpra2,Agrocybe praecox OKM6292 v1.0,Agaricales,Agaricomycetes,Agaricomycotina,Basidiomycota,NO, S ,YES,NO,NO,NO,NO,NO,NO,NO,NO,NO,NO,NO,NO,NO,NO,NO,NO,NO,NO,NO,NO,NO,NO,NO,NO,NO,NO,NO,NO,NO,NO,NO,NO
Albpec1,Albatrellus peckianus DAOM 52321 v1.0,Russulales,Agaricomycetes,Agaricomycotina,Basidiomycota,NO, S ,YES,NO,NO,NO,NO,NO,NO,NO,NO,NO,NO,NO,NO,NO,NO,NO,NO,NO,NO,NO,NO,NO,NO,NO,NO,NO,NO,NO,NO,NO,NO,NO,NO
Amamu1,Amanita muscaria Koide v1.0,Agaricales,Agaricomycetes,Agaricomycotina,Basidiomycota,NO, ECM ,NO,NO,NO,NO,NO,NO,NO,NO,YES,NO,NO,NO,NO,NO,NO,NO,NO,NO,NO,NO,NO,NO,NO,NO,NO,NO,NO,NO,NO,NO,NO,NO,NO
Amath1,Amanita thiersii Skay4041 v1.0,Agaricales,Agaricomycetes,Agaricomycotina,Basidiomycota,NO, S ,YES,NO,NO,NO,NO,NO,NO,NO,NO,NO,NO,NO,NO,NO,NO,NO,NO,NO,NO,NO,NO,NO,NO,NO,NO,NO,NO,NO,NO,NO,NO,NO,NO
Amylap1_1,Amylocystis lapponica SKaAmylap13 v1.0,Polyporales,Agaricomycetes,Agaricomycotina,Basidiomycota,NO, S  BR ,YES,NO,NO,NO,NO,NO,NO,NO,NO,NO,NO,NO,NO,NO,NO,NO,NO,NO,NO,NO,NO,NO,YES,NO,NO,NO,NO,NO,NO,NO,NO,NO,NO
Amycha1,Amylostereum chailletii DWAch2 v1.0,Russulales,Agaricomycetes,Agaricomycotina,Basidiomycota,NO, S  WR ,YES,NO,NO,NO,NO,NO,NO,NO,NO,NO,NO,NO,NO,NO,NO,NO,NO,NO,NO,NO,NO,NO,NO,YES,NO,NO,NO,NO,NO,NO,NO,NO,NO
Anobom1,Anomoporia bombycina ATCC 64506 v1.0,Amylocorticiales,Agaricomycetes,Agaricomycotina,Basidiomycota,NO, S  BR ,YES,NO,NO,NO,NO,NO,NO,NO,NO,NO,NO,NO,NO,NO,NO,NO,NO,NO,NO,NO,NO,NO,YES,NO,NO,NO,NO,NO,NO,NO,NO,NO,NO
Anomyc1,Anomoporia myceliosa MJL 4413 v1.0,Amylocorticiales,Agaricomycetes,Agaricomycotina,Basidiomycota,NO, S  WR ,YES,NO,NO,NO,NO,NO,NO,NO,NO,NO,NO,NO,NO,NO,NO,NO,NO,NO,NO,NO,NO,NO,NO,YES,NO,NO,NO,NO,NO,NO,NO,NO,NO
Antser1,Antrodia serialis Sig1Antser10 v1.0,Polyporales,Agaricomycetes,Agaricomycotina,Basidiomycota,NO, S  BR ,YES,NO,NO,NO,NO,NO,NO,NO,NO,NO,NO,NO,NO,NO,NO,NO,NO,NO,NO,NO,NO,NO,YES,NO,NO,NO,NO,NO,NO,NO,NO,NO,NO
Antsi1,Antrodia sinuosa LB1 v1.0,Polyporales,Agaricomycetes,Agaricomycotina,Basidiomycota,YES, S  BR  O ,YES,NO,NO,NO,NO,NO,NO,YES,NO,NO,NO,NO,NO,NO,NO,NO,NO,NO,NO,NO,NO,NO,YES,NO,YES,NO,NO,NO,NO,YES,YES,NO,NO
Elmca1,Aporpium caryae L-13461,Auriculariales,Agaricomycetes,Agaricomycotina,Basidiomycota,NO, S ,YES,NO,NO,NO,NO,NO,NO,NO,NO,NO,NO,NO,NO,NO,NO,NO,NO,NO,NO,NO,NO,NO,NO,NO,NO,NO,NO,NO,NO,NO,NO,NO,NO
Armcep1,Armillaria cepistipes B5,Agaricales,Agaricomycetes,Agaricomycotina,Basidiomycota,YES, S  WR  O  N ,YES,YES,NO,NO,NO,NO,NO,YES,NO,NO,NO,NO,NO,NO,NO,NO,NO,NO,NO,NO,NO,NO,NO,YES,YES,NO,NO,NO,YES,NO,YES,NO,YES
Armect1,Armillaria ectypa FPL83.16 v1.0,Agaricales,Agaricomycetes,Agaricomycotina,Basidiomycota,NO, S ,YES,NO,NO,NO,NO,NO,NO,NO,NO,NO,NO,NO,NO,NO,NO,NO,NO,NO,NO,NO,NO,NO,NO,NO,NO,NO,NO,NO,NO,NO,NO,NO,NO
Armga1,Armillaria gallica 21-2 v1.0,Agaricales,Agaricomycetes,Agaricomycotina,Basidiomycota,YES, S  WR  O  N ,YES,YES,NO,NO,NO,NO,NO,YES,NO,NO,NO,NO,NO,NO,NO,NO,NO,NO,NO,NO,NO,NO,NO,YES,YES,NO,NO,NO,YES,YES,YES,NO,YES
Armlut1,Armillaria luteobubalina HWK02 v1.0,Agaricales,Agaricomycetes,Agaricomycotina,Basidiomycota,YES, S  WR  N ,YES,YES,NO,NO,NO,NO,NO,NO,NO,NO,NO,NO,NO,NO,NO,NO,NO,NO,NO,NO,NO,NO,NO,YES,YES,NO,NO,NO,NO,YES,YES,NO,YES
Armme1_1,Armillaria mellea DSM 3731,Agaricales,Agaricomycetes,Agaricomycotina,Basidiomycota,YES, S  WR  N ,YES,YES,NO,NO,NO,NO,NO,NO,NO,NO,NO,NO,NO,NO,NO,NO,NO,NO,NO,NO,NO,NO,NO,YES,YES,NO,NO,NO,YES,YES,YES,NO,YES
Armnab1,Armillaria nabsnona CMW6904 v1.0,Agaricales,Agaricomycetes,Agaricomycotina,Basidiomycota,YES, S  WR  O  N ,YES,YES,NO,NO,NO,NO,NO,YES,NO,NO,NO,NO,NO,NO,NO,NO,NO,NO,NO,NO,NO,NO,NO,YES,YES,NO,NO,NO,NO,YES,YES,NO,YES
Armosto1,Armillaria ostoyae C18/9,Agaricales,Agaricomycetes,Agaricomycotina,Basidiomycota,YES, S  WR  N ,YES,YES,NO,NO,NO,NO,NO,NO,NO,NO,NO,NO,NO,NO,NO,NO,NO,NO,NO,NO,NO,NO,NO,YES,YES,NO,NO,NO,YES,NO,YES,NO,YES
Armost1,Armillaria solidipes 28-4 v1.0,Agaricales,Agaricomycetes,Agaricomycotina,Basidiomycota,YES, S  WR  N ,YES,YES,NO,NO,NO,NO,NO,NO,NO,NO,NO,NO,NO,NO,NO,NO,NO,NO,NO,NO,NO,NO,NO,YES,YES,NO,NO,NO,YES,YES,YES,NO,YES
Artele1122_1,Artolenzites elegans CIRM-BRFM 1122 v1.0,Polyporales,Agaricomycetes,Agaricomycotina,Basidiomycota,NO, S  WR ,YES,NO,NO,NO,NO,NO,NO,NO,NO,NO,NO,NO,NO,NO,NO,NO,NO,NO,NO,NO,NO,NO,NO,YES,NO,NO,NO,NO,NO,NO,NO,NO,NO
Aurde3_1,Auricularia subglabra v2.0,Auriculariales,Agaricomycetes,Agaricomycotina,Basidiomycota,NO , S  WR ,YES,NO,NO,NO,NO,NO,NO,NO,NO,NO,NO,NO,NO,NO,NO,NO,NO,NO,NO,NO,NO,NO,NO,YES,NO,NO,NO,NO,NO,NO,NO,NO,NO
Auramp1,Auriculariopsis ampla NL-1724 v1.0,Agaricales,Agaricomycetes,Agaricomycotina,Basidiomycota,NO, S ,YES,NO,NO,NO,NO,NO,NO,NO,NO,NO,NO,NO,NO,NO,NO,NO,NO,NO,NO,NO,NO,NO,NO,NO,NO,NO,NO,NO,NO,NO,NO,NO,NO
Aurvu1,Auriscalpium vulgare FP105234-Sp v1.0,Russulales,Agaricomycetes,Agaricomycotina,Basidiomycota,NO, S ,YES,NO,NO,NO,NO,NO,NO,NO,NO,NO,NO,NO,NO,NO,NO,NO,NO,NO,NO,NO,NO,NO,NO,NO,NO,NO,NO,NO,NO,NO,NO,NO,NO
Bjead1_1,Bjerkandera adusta v1.0,Polyporales,Agaricomycetes,Agaricomycotina,Basidiomycota,NO, S  WR ,YES,NO,NO,NO,NO,NO,NO,NO,NO,NO,NO,NO,NO,NO,NO,NO,NO,NO,NO,NO,NO,NO,NO,YES,NO,NO,NO,NO,NO,NO,NO,NO,NO
Bolvit1,Bolbitius vitellinus SZMC-NL-1974 v1.0,Agaricales,Agaricomycetes,Agaricomycotina,Basidiomycota,NO, S  C ,YES,NO,NO,NO,NO,NO,NO,NO,NO,NO,NO,NO,NO,NO,NO,YES,NO,NO,NO,NO,NO,NO,NO,NO,NO,NO,NO,NO,NO,NO,NO,NO,NO
Boled1,Boletus edulis v1.0,Boletales,Agaricomycetes,Agaricomycotina,Basidiomycota,NO, ECM ,NO,NO,NO,NO,NO,NO,NO,NO,YES,NO,NO,NO,NO,NO,NO,NO,NO,NO,NO,NO,NO,NO,NO,NO,NO,NO,NO,NO,NO,NO,NO,NO,NO
Borrad1,Boreostereum radiatum TFC1981-005 v1.0,Gloeophyllales,Agaricomycetes,Agaricomycotina,Basidiomycota,NO, S ,YES,NO,NO,NO,NO,NO,NO,NO,NO,NO,NO,NO,NO,NO,NO,NO,NO,NO,NO,NO,NO,NO,NO,NO,NO,NO,NO,NO,NO,NO,NO,NO,NO
Botbo1,Botryobasidium botryosum v1.0,Cantharellales,Agaricomycetes,Agaricomycotina,Basidiomycota,NO, S ,YES,NO,NO,NO,NO,NO,NO,NO,NO,NO,NO,NO,NO,NO,NO,NO,NO,NO,NO,NO,NO,NO,NO,NO,NO,NO,NO,NO,NO,NO,NO,NO,NO
Calco1,Calocera cornea v1.0,Dacrymycetales,Dacrymycetes,Agaricomycotina,Basidiomycota,NO, S  BR ,YES,NO,NO,NO,NO,NO,NO,NO,NO,NO,NO,NO,NO,NO,NO,NO,NO,NO,NO,NO,NO,NO,YES,NO,NO,NO,NO,NO,NO,NO,NO,NO,NO
Calvi1,Calocera viscosa v1.0,Dacrymycetales,Dacrymycetes,Agaricomycotina,Basidiomycota,NO, S  BR ,YES,NO,NO,NO,NO,NO,NO,NO,NO,NO,NO,NO,NO,NO,NO,NO,NO,NO,NO,NO,NO,NO,YES,NO,NO,NO,NO,NO,NO,NO,NO,NO,NO
Cananz1,Cantharellus anzutake C23 v1.0,Cantharellales,Agaricomycetes,Agaricomycotina,Basidiomycota,NO, ECM ,NO,NO,NO,NO,NO,NO,NO,NO,YES,NO,NO,NO,NO,NO,NO,NO,NO,NO,NO,NO,NO,NO,NO,NO,NO,NO,NO,NO,NO,NO,NO,NO,NO
Cercer1,Cerinomyces ceraceus ATCC 56525 v1.0,Dacrymycetales,Dacrymycetes,Agaricomycotina,Basidiomycota,NO, S  BR ,YES,NO,NO,NO,NO,NO,NO,NO,NO,NO,NO,NO,NO,NO,NO,NO,NO,NO,NO,NO,NO,NO,YES,NO,NO,NO,NO,NO,NO,NO,NO,NO,NO
Cersu1,Ceriporiopsis (Gelatoporia) subvermispora B,Polyporales,Agaricomycetes,Agaricomycotina,Basidiomycota,NO, S  WR ,YES,NO,NO,NO,NO,NO,NO,NO,NO,NO,NO,NO,NO,NO,NO,NO,NO,NO,NO,NO,NO,NO,NO,YES,NO,NO,NO,NO,NO,NO,NO,NO,NO
Cerun2,Cerrena unicolor v1.1,Polyporales,Agaricomycetes,Agaricomycotina,Basidiomycota,YES, S  WR  O  P ,YES,NO,NO,NO,NO,NO,YES,YES,NO,NO,NO,NO,NO,NO,NO,NO,NO,NO,NO,NO,NO,NO,NO,YES,YES,NO,NO,NO,NO,YES,YES,NO,NO
Clapy1,Clavicorona pyxidata HHB10654 v1.0,Russulales,Agaricomycetes,Agaricomycotina,Basidiomycota,NO, S ,YES,NO,NO,NO,NO,NO,NO,NO,NO,NO,NO,NO,NO,NO,NO,NO,NO,NO,NO,NO,NO,NO,NO,NO,NO,NO,NO,NO,NO,NO,NO,NO,NO
ClaPMI390,Clavulina sp. PMI_390 v1.0,Cantharellales,Agaricomycetes,Agaricomycotina,Basidiomycota,NO, ECM ,NO,NO,NO,NO,NO,NO,NO,NO,YES,NO,NO,NO,NO,NO,NO,NO,NO,NO,NO,NO,NO,NO,NO,NO,NO,NO,NO,NO,NO,NO,NO,NO,NO
Clibor1,Climacocystis borealis CliBor001 v1.0,Polyporales,Agaricomycetes,Agaricomycotina,Basidiomycota,YES, S  O  P ,YES,NO,NO,NO,NO,NO,YES,YES,NO,NO,NO,NO,NO,NO,NO,NO,NO,NO,NO,NO,NO,NO,NO,NO,YES,NO,NO,NO,YES,NO,YES,NO,YES
Cligib1,Clitocybe gibba IJFM A808 v1.0,Agaricales,Agaricomycetes,Agaricomycotina,Basidiomycota,NO, S ,YES,NO,NO,NO,NO,NO,NO,NO,NO,NO,NO,NO,NO,NO,NO,NO,NO,NO,NO,NO,NO,NO,NO,NO,NO,NO,NO,NO,NO,NO,NO,NO,NO
Conol1,Coniophora olivacea MUCL 20566 v1.0,Boletales,Agaricomycetes,Agaricomycotina,Basidiomycota,NO, S  BR ,YES,NO,NO,NO,NO,NO,NO,NO,NO,NO,NO,NO,NO,NO,NO,NO,NO,NO,NO,NO,NO,NO,YES,NO,NO,NO,NO,NO,NO,NO,NO,NO,NO
Conpu1,Coniophora puteana v1.0,Boletales,Agaricomycetes,Agaricomycotina,Basidiomycota,NO, S  BR ,YES,NO,NO,NO,NO,NO,NO,NO,NO,NO,NO,NO,NO,NO,NO,NO,NO,NO,NO,NO,NO,NO,YES,NO,NO,NO,NO,NO,NO,NO,NO,NO,NO
Copang1,Coprinellus angulatus DOB1924 v1.0,Agaricales,Agaricomycetes,Agaricomycotina,Basidiomycota,NO, S  PY  C ,YES,NO,NO,NO,NO,NO,NO,NO,NO,NO,NO,NO,NO,NO,NO,YES,YES,NO,NO,NO,NO,NO,NO,NO,NO,NO,NO,NO,NO,NO,NO,NO,NO
Copmic2,Coprinellus micaceus FP101781 v2.0,Agaricales,Agaricomycetes,Agaricomycotina,Basidiomycota,NO, S  E ,YES,NO,NO,NO,NO,NO,NO,NO,NO,NO,YES,NO,NO,NO,NO,NO,NO,NO,NO,NO,NO,NO,NO,NO,NO,NO,NO,NO,NO,NO,NO,NO,NO
Coppel1,Coprinellus pellucidus v1.0,Agaricales,Agaricomycetes,Agaricomycotina,Basidiomycota,NO, S  C ,YES,NO,NO,NO,NO,NO,NO,NO,NO,NO,NO,NO,NO,NO,NO,YES,NO,NO,NO,NO,NO,NO,NO,NO,NO,NO,NO,NO,NO,NO,NO,NO,NO
Copci1,Coprinopsis cinerea,Agaricales,Agaricomycetes,Agaricomycotina,Basidiomycota,YES, S  O ,YES,NO,NO,NO,NO,NO,NO,YES,NO,NO,NO,NO,NO,NO,NO,NO,NO,NO,NO,NO,NO,NO,NO,NO,NO,NO,YES,NO,NO,NO,NO,NO,NO
Copmar1,Coprinopsis marcescibilis CBS121175 v1.0,Agaricales,Agaricomycetes,Agaricomycotina,Basidiomycota,NO, S ,YES,NO,NO,NO,NO,NO,NO,NO,NO,NO,NO,NO,NO,NO,NO,NO,NO,NO,NO,NO,NO,NO,NO,NO,NO,NO,NO,NO,NO,NO,NO,NO,NO
Copscl1,Coprinopsis sclerotiger v1.0,Agaricales,Agaricomycetes,Agaricomycotina,Basidiomycota,NO, S  C ,YES,NO,NO,NO,NO,NO,NO,NO,NO,NO,NO,NO,NO,NO,NO,YES,NO,NO,NO,NO,NO,NO,NO,NO,NO,NO,NO,NO,NO,NO,NO,NO,NO
Corgl3,Cortinarius glaucopus AT 2004 276 v2.0,Agaricales,Agaricomycetes,Agaricomycotina,Basidiomycota,NO, ECM ,NO,NO,NO,NO,NO,NO,NO,NO,YES,NO,NO,NO,NO,NO,NO,NO,NO,NO,NO,NO,NO,NO,NO,NO,NO,NO,NO,NO,NO,NO,NO,NO,NO
Crafun1,Crassisporium funariophilum DOB1098 v1.0,Agaricales,Agaricomycetes,Agaricomycotina,Basidiomycota,NO, S  PY ,YES,NO,NO,NO,NO,NO,NO,NO,NO,NO,NO,NO,NO,NO,NO,NO,YES,NO,NO,NO,NO,NO,NO,NO,NO,NO,NO,NO,NO,NO,NO,NO,NO
Creces1,Crepidotus cesatii CBS 511.95 v1.0,Agaricales,Agaricomycetes,Agaricomycotina,Basidiomycota,NO?, S ,YES,NO,NO,NO,NO,NO,NO,NO,NO,NO,NO,NO,NO,NO,NO,NO,NO,NO,NO,NO,NO,NO,NO,NO,NO,NO,NO,NO,NO,NO,NO,NO,NO
Crevar1,Crepidotus variabilis CBS 506.95 v1.0,Agaricales,Agaricomycetes,Agaricomycotina,Basidiomycota,NO, S  WR ,YES,NO,NO,NO,NO,NO,NO,NO,NO,NO,NO,NO,NO,NO,NO,NO,NO,NO,NO,NO,NO,NO,NO,YES,NO,NO,NO,NO,NO,NO,NO,NO,NO
Crison1,Cristinia sonorae KKN 215 v1.0,Russulales,Agaricomycetes,Agaricomycotina,Basidiomycota,NO, S  WR ,YES,NO,NO,NO,NO,NO,NO,NO,NO,NO,NO,NO,NO,NO,NO,NO,NO,NO,NO,NO,NO,NO,NO,YES,NO,NO,NO,NO,NO,NO,NO,NO,NO
Crula1,Crucibulum laeve CBS 166.37 v1.0,Agaricales,Agaricomycetes,Agaricomycotina,Basidiomycota,NO, S  WR  C ,YES,NO,NO,NO,NO,NO,NO,NO,NO,NO,NO,NO,NO,NO,NO,YES,NO,NO,NO,NO,NO,NO,NO,YES,NO,NO,NO,NO,NO,NO,NO,NO,NO
Crycu1,Cryptococcus curvatus ATCC 20509 v1.0,Tremellales,Tremellomycetes,Agaricomycotina,Basidiomycota,YES, S  O ,YES,NO,NO,NO,NO,NO,NO,YES,NO,NO,NO,NO,NO,NO,NO,NO,NO,NO,NO,NO,NO,NO,NO,NO,NO,NO,YES,UNKNOWN,NO,NO,NO,NO,NO
Cryne_JEC21_1,Cryptococcus neoformans var neoformans JEC21,Tremellales,Tremellomycetes,Agaricomycotina,Basidiomycota,YES, S  O ,YES,NO,NO,NO,NO,NO,NO,YES,NO,NO,NO,NO,NO,NO,NO,NO,NO,NO,NO,NO,NO,NO,NO,NO,NO,NO,YES,NO,NO,NO,NO,NO,NO